dataset,neuron,encoding,accuracy,balanced_accuracy,f1_macro,f1_weighted,precision_macro,recall_macro,roc_auc_weighted,matthews_corrcoef,cohen_kappa,detection_rate,false_alarm_rate,binary_accuracy,binary_f1,test21_accuracy,test21_f1_macro,test21_matthews_corrcoef,test21_detection_rate,test21_false_alarm_rate,energy_spikes_per_sample,spike_sparsity,input_spikes_per_sample,hidden_spikes_per_sample,output_spikes_per_sample,sops_per_sample,trainable_parameters,train_time_s,inference_ms_per_sample,epochs,num_steps,hidden_size,batch_size,lr,seed,protocol,manifest_sha256,fold
nslkdd_v2,LeakyParallel,rate,0.7677874378992193,0.5724330201288603,0.5982980928936202,0.7335744002179099,0.8174266117321627,0.5724330201288603,0.8742887434536359,0.6563234527336502,0.6360651214331405,0.6897062261357438,0.07682010091648646,0.7902767920511,0.7892108782880072,0.5583122362869198,0.4989729095755557,0.4524754733532702,0.5897092183955455,0.34107806691449816,264.4610539389638,0.8011571023015309,95.47130056777857,254.0861426543648,10.374911284599007,13490.757185947481,16901,92.23502659797668,0.06285962312250293,10,10,128,128,0.001,43,nslkdd_v2,acc0af8831e88fef0b5c06e3ce974ac35cb3e4345e8d071f18deb2948b3bdd6d,
nslkdd_v2,LeakyParallel,rate,0.7617547906316536,0.5777193335115719,0.6085015293860871,0.7322094310196332,0.8106555718861843,0.5777193335115719,0.9225489351513585,0.6532714795297045,0.624996072927301,0.6437310060001559,0.05694573164452683,0.772666784953868,0.7632466392571718,0.5468354430379747,0.5019539070795143,0.4630476906338296,0.5265003093421324,0.25743494423791824,774.9854063165366,0.883460841155408,477.19495209368347,753.9913058907026,20.994100425833924,64850.910397445,16901,276.78411078453064,0.14643308708564537,10,50,128,128,0.001,42,nslkdd_v2,acc0af8831e88fef0b5c06e3ce974ac35cb3e4345e8d071f18deb2948b3bdd6d,
nslkdd_v2,LeakyParallel,rate,0.7731547196593329,0.5683926969624638,0.5975913754345294,0.7378545350362636,0.7874031292247283,0.5683926969624638,0.9122071291973479,0.6675235418633478,0.6408815289759116,0.668666718616068,0.045000514880032955,0.7920067423704755,0.7854102787057801,0.5681012658227849,0.4979475821398555,0.4804337598708584,0.5607341719942256,0.20306691449814127,882.4782647267566,0.8672965015448486,477.2040897799858,863.118035841022,19.360228885734564,65397.71367104329,16901,276.88671946525574,0.14462081399515556,10,50,128,128,0.001,44,nslkdd_v2,acc0af8831e88fef0b5c06e3ce974ac35cb3e4345e8d071f18deb2948b3bdd6d,
kddcup99_v2,LeakyParallel,rate,0.9245118622379264,0.5871754249974406,0.5828946354906605,0.9080849729482582,0.8030427460988501,0.5871754249974406,0.9784748071878706,0.8257837580990578,0.8186152840401576,0.9128519861361785,0.017064677437987886,0.926505245491578,0.9523851183446127,,,,,,669.3652167482775,0.8993435764288304,491.1709390442692,640.8453809773365,28.519835770940972,66074.10710255314,16389,1073.3103988170624,0.13211044756930604,10,50,128,128,0.001,43,kddcup99_v2,da7e7fae00a54821b062a6ed3ce86f6aec975e5e296fec2f83a72067dadab5a9,
kddcup99_v2,LeakyParallel,rate,0.924804439457414,0.6247476864240173,0.6311685862160529,0.9086424202934508,0.7900433293501521,0.6247476864240173,0.9760378148999852,0.8262016032285054,0.8192512658296996,0.9139540641121884,0.01719670589011932,0.9273669014786402,0.9529711781666026,,,,,,919.4140224866492,0.8617422522576468,491.15261599400696,886.3359493809259,33.07807310572326,67299.21459413752,16389,1073.310485124588,0.1320651875241512,10,50,128,128,0.001,42,kddcup99_v2,da7e7fae00a54821b062a6ed3ce86f6aec975e5e296fec2f83a72067dadab5a9,
kddcup99_v2,LeakyParallel,rate,0.9256178684302749,0.5817263517977967,0.5964916620896544,0.9091952188427599,0.8235223613523047,0.5817263517977967,0.9763210764553866,0.8291711828120201,0.8213168994425168,0.9100967911961539,0.005330648754806661,0.9265727633114597,0.9522896298153254,,,,,,731.8312343865042,0.889950190317819,491.1479347584952,709.6551961392668,22.176038247237397,66415.21162978372,16389,1073.4051840305328,0.13220919884931961,10,50,128,128,0.001,44,kddcup99_v2,da7e7fae00a54821b062a6ed3ce86f6aec975e5e296fec2f83a72067dadab5a9,
ctu13_v2_f0,LeakyParallel,rate,0.9985833633041679,0.9986845897482381,0.9985426546701524,0.9985835639150752,0.9984021932461754,0.9986845897482381,0.9999094006251238,0.99708674300402,0.9970853113743293,0.9980818955385267,0.0007127160420502465,0.9985833633041679,0.9987862250658638,,,,,,855.9395266346917,0.8683169959023551,618.1107639680104,834.9378025109611,21.001724123730586,80788.05339292725,3714,1396.4258425235748,0.2797294948513567,10,50,128,128,0.001,44,ctu13_v2_f0,855476eadf4b4a098dcda7f57266971095f0fc80129808ea8bf3e21c9399c806,0
ctu13_v2_f0,LeakyParallel,rate,0.9941330375600904,0.9949406671421538,0.993974316720158,0.9941385711491544,0.9930768533588117,0.9949406671421538,0.9998811543328671,0.9880157625337043,0.9879490297079151,0.9901321047435475,0.0002507704592399015,0.9941330375600904,0.9949522745471339,,,,,,639.8928352775482,0.9015549484188388,618.1744028025247,619.7621258335781,20.130709443970098,80365.84781039032,3714,1398.325180530548,0.27919402097768314,10,50,128,128,0.001,43,ctu13_v2_f0,855476eadf4b4a098dcda7f57266971095f0fc80129808ea8bf3e21c9399c806,0
ctu13_v2_f0,LeakyParallel,rate,0.9963266281026677,0.9967618715084212,0.9962240504432469,0.9963285793592189,0.9957074822711235,0.9967618715084212,0.9997131634442754,0.9924687936932441,0.992448177193226,0.994170466832777,0.0006467238159344829,0.9963266281026677,0.9968464073084157,,,,,,618.6761063356056,0.9048190605637529,618.1148793525201,595.9183951373121,22.757711198293446,80310.5413473972,3714,1398.679630279541,0.27877549194627,10,50,128,128,0.001,42,ctu13_v2_f0,855476eadf4b4a098dcda7f57266971095f0fc80129808ea8bf3e21c9399c806,0
cicids2017_v2,LeakyParallel,rate,0.9930018793539545,0.9352897775044295,0.755487957260066,0.9929083037813294,0.7632097713150937,0.7482318220035437,0.9967620875720029,0.9496840777434563,0.9495171075975402,0.9371607367198426,0.002320765699999046,0.9931696788141701,0.9533753722615416,,,,,,596.0243256228009,0.910372281861233,738.3640011869604,572.4326452966694,23.5916803261315,97372.75537841428,10885,5631.47171831131,0.2721796634567182,10,50,128,128,0.001,42,cicids2017_v2,bab935988330fa211286aa16361ffd0d95747ae8d7f6c158ef779921b7b9d1ac,
cicids2017_v2,LeakyParallel,rate,0.993378103406859,0.87399831473959,0.7315280899567139,0.9932057772413818,0.7795820411570628,0.699198651791672,0.9971576693103785,0.9523062620421102,0.9520793863844541,0.936710361011686,0.0018608113137327876,0.9935617996580424,0.9559138354358422,,,,,,569.7152301855332,0.9143285368142056,738.3675214430048,544.5794503949469,25.135779790586273,97233.93999667934,10885,5630.582594871521,0.2717130818617858,10,50,128,128,0.001,43,cicids2017_v2,bab935988330fa211286aa16361ffd0d95747ae8d7f6c158ef779921b7b9d1ac,
cicids2017_v2,LeakyParallel,rate,0.9935794627591177,0.9279628596118286,0.7569391094636808,0.993546847048738,0.7728799280566145,0.7423702876894629,0.9980614222862239,0.9539158203997161,0.9538031739842925,0.9437978524189916,0.002227248003206321,0.9937507948395484,0.9574606228207286,,,,,,498.1162867922395,0.9250952952192121,738.4175892693129,478.7415535050658,19.37473328717376,96911.15919399737,10885,5630.275829553604,0.2704728539770375,10,50,128,128,0.001,44,cicids2017_v2,bab935988330fa211286aa16361ffd0d95747ae8d7f6c158ef779921b7b9d1ac,
nslkdd_v2,LeakyParallel,latency,0.7541696238466998,0.5876011473988394,0.6283328335292376,0.7241658640266004,0.829262207122374,0.5876011473988394,0.9079504640147816,0.6381902733960222,0.609779323894062,0.6364840645211564,0.058902275769745646,0.7676987224982257,0.7572428498586194,0.5329113924050632,0.523315171326189,0.4371845859875191,0.51907609816457,0.2648698884758364,481.5507895670688,0.9275863474335235,14.580154364797728,406.03233676366216,75.51845280340667,3896.42144251242,16901,414.37848353385925,0.23720724900789172,10,50,128,128,0.001,42,nslkdd_v2,acc0af8831e88fef0b5c06e3ce974ac35cb3e4345e8d071f18deb2948b3bdd6d,
nslkdd_v2,LeakyParallel,latency,0.7590933286018453,0.5183269843108694,0.5438128816427377,0.7298106090244156,0.7845664894410256,0.5183269843108694,0.901464283998047,0.6441531591719163,0.6191536175681136,0.6533935946388217,0.06436000411904026,0.774973385379702,0.7677516824612003,0.5419409282700421,0.44146921632212865,0.4412013476421415,0.5413487316972572,0.2894981412639405,385.4223740241306,0.942041748267048,14.580154364797728,335.1436302342087,50.27874378992193,3541.9779098651525,16901,414.07748436927795,0.23683079639337348,10,50,128,128,0.001,43,nslkdd_v2,acc0af8831e88fef0b5c06e3ce974ac35cb3e4345e8d071f18deb2948b3bdd6d,
nslkdd_v2,LeakyParallel,latency,0.7654364797728885,0.6032598509014668,0.6497893690663276,0.7410600783934205,0.8422816582128225,0.6032598509014668,0.9111271954216763,0.6571852451706591,0.6293803891033188,0.6515234161926284,0.04448563484708063,0.7824698367636622,0.7732359197262555,0.5576371308016878,0.5499446344294938,0.4729292124559805,0.5390802227263354,0.20074349442379183,329.48948722498227,0.9504527086879726,14.580154364797728,305.3887952448545,24.10069198012775,3393.203734918382,16901,413.92038583755493,0.25405186427409465,10,50,128,128,0.001,44,nslkdd_v2,acc0af8831e88fef0b5c06e3ce974ac35cb3e4345e8d071f18deb2948b3bdd6d,
ctu13_v2_f1,LeakyParallel,rate,0.7840516914441747,0.7639128408657281,0.7630117523222151,0.76915438485985,0.8534678177406226,0.7639128408657281,0.9847279052543126,0.6108508686562936,0.5480967742063099,0.995420726229208,0.46759504449775174,0.7840516914441747,0.8336249118872742,,,,,,464.63809352245147,0.9285172163811614,616.5134016611044,442.60458225879853,22.033511263652912,79798.92457713895,3714,1561.975707769394,0.14074781493654528,10,50,128,128,0.001,42,ctu13_v2_f1,66ce4986e742f210d51d52fffc99f6522e778aa17764358a73256f0b92483896,1
ctu13_v2_f1,LeakyParallel,rate,0.7857156401699029,0.7657486244536963,0.7651158722132292,0.7711668685635568,0.8541662181532005,0.7657486244536963,0.9812153153628329,0.6135770051173064,0.5517269914275038,0.9952811674095267,0.463783918502134,0.7857156401699029,0.8346756201218665,,,,,,795.9881437727548,0.8775402855734223,616.5217545888956,773.5599590412621,22.428184731492717,80461.90450546116,3714,1561.654076576233,0.14094939880362414,10,50,128,128,0.001,43,ctu13_v2_f1,66ce4986e742f210d51d52fffc99f6522e778aa17764358a73256f0b92483896,1
ctu13_v2_f1,LeakyParallel,rate,0.7843219053398058,0.7640816485764446,0.763125071747649,0.7692890902639572,0.8548473272620669,0.7640816485764446,0.978290414393541,0.6122374283766446,0.548565231601456,0.9967552574424102,0.46859196028952094,0.7843219053398058,0.8339840756661291,,,,,,605.6162867870146,0.9068282635712286,616.49609375,584.8730231720267,20.743263614987864,80081.24604634405,3714,1561.8598444461823,0.13989778303369446,10,50,128,128,0.001,44,ctu13_v2_f1,66ce4986e742f210d51d52fffc99f6522e778aa17764358a73256f0b92483896,1
kddcup99_v2,LeakyParallel,latency,0.9255439203418331,0.6365607437957232,0.6605533378600568,0.90908109927803,0.8614389053890102,0.6365607437957232,0.9801596391772294,0.8287436100910768,0.820968083277312,0.910731683943203,0.004736520720215206,0.927199714496076,0.9527091517805861,,,,,,289.0923354413897,0.9565274683546783,12.490578048992216,239.1130312607506,49.979304180639105,2794.359146574757,16389,1126.1803131103516,0.1358739716404583,10,50,128,128,0.001,42,kddcup99_v2,da7e7fae00a54821b062a6ed3ce86f6aec975e5e296fec2f83a72067dadab5a9,
kddcup99_v2,LeakyParallel,latency,0.9237563056821068,0.6330066008877167,0.6373770971217861,0.9073851430777696,0.8066007928241161,0.6330066008877167,0.9841977469691915,0.8249557799784915,0.8171426118177921,0.9099530418949352,0.00698100440644959,0.9261355050493684,0.9520119312200257,,,,,,221.3058428635272,0.9667209258851839,12.490578048992216,184.82324477781813,36.48259808570905,2522.9102141600943,16389,1126.0707495212555,0.1355699465393618,10,50,128,128,0.001,43,kddcup99_v2,da7e7fae00a54821b062a6ed3ce86f6aec975e5e296fec2f83a72067dadab5a9,
kddcup99_v2,LeakyParallel,latency,0.9222902044503889,0.6830640448227256,0.6011551515726903,0.9066708038723914,0.700900551094446,0.6830640448227256,0.9668229803809005,0.8223523686908626,0.8145667699782754,0.9106638023287387,0.005380159424355949,0.9270196669763913,0.9525943716389079,,,,,,160.6141388745101,0.9758474979136075,12.490578048992216,131.82165650148377,28.79248237302631,2257.9022727784227,16389,1126.6937630176544,0.13365854900135135,10,50,128,128,0.001,44,kddcup99_v2,da7e7fae00a54821b062a6ed3ce86f6aec975e5e296fec2f83a72067dadab5a9,
ctu13_v2_f0,LeakyParallel,latency,0.9378821281397309,0.9467997284324494,0.9371772295495208,0.9382949130125299,0.9350340430276995,0.9467997284324494,0.9999221351298885,0.8817552773500065,0.8748414991642295,0.8937050444266842,0.0001055875617852217,0.9378821281397309,0.9438318281342316,,,,,,267.8318951908479,0.9587950930475618,22.232778666988796,237.0411840447174,30.79071114613047,3319.8780374640005,3714,1376.1373314857483,0.27933210349774357,10,50,128,128,0.001,42,ctu13_v2_f0,855476eadf4b4a098dcda7f57266971095f0fc80129808ea8bf3e21c9399c806,0
ctu13_v2_f0,LeakyParallel,latency,0.9990171396567676,0.998838668007485,0.9989883047436445,0.9990169914800231,0.9991395801023255,0.998838668007485,0.9999956125144012,0.9979782027440468,0.9979766110548663,0.9999012740350712,0.0022239380201012323,0.9990171396567676,0.9991591032940602,,,,,,342.83939842357984,0.9472554771656031,22.232778666988796,313.80808690901404,29.031311514565825,3473.411843192594,3714,1376.2054288387299,0.2787122517164786,10,50,128,128,0.001,44,ctu13_v2_f0,855476eadf4b4a098dcda7f57266971095f0fc80129808ea8bf3e21c9399c806,0
ctu13_v2_f0,LeakyParallel,latency,0.9741820707604538,0.977610088400845,0.9736370327830826,0.9742736926716061,0.9708741637795186,0.977610088400845,0.999640525179569,0.9484603333580375,0.9473055007355292,0.9571999435851629,0.0019797667834729068,0.9741820707604538,0.9774276552028726,,,,,,245.77978162929693,0.9621877259031851,22.232778666988796,216.00648193650943,29.773299692787507,3277.8086332475846,3714,1376.5967869758606,0.27896400562861895,10,50,128,128,0.001,43,ctu13_v2_f0,855476eadf4b4a098dcda7f57266971095f0fc80129808ea8bf3e21c9399c806,0
cicids2017_v2,LeakyParallel,latency,0.9978345038081646,0.9839268344074588,0.7905443033703679,0.9978499366702507,0.793997164983239,0.787141467525967,0.9995742160466038,0.9845801502184612,0.9845712662359654,0.9823642354279755,0.0007786779651312587,0.997965210756122,0.9862919155620076,,,,,,530.7593685088103,0.9201865611264947,39.90437726970849,481.97832560867045,48.781042900139894,7517.651918566039,10885,5611.3546142578125,0.26749907078749924,10,50,128,128,0.001,43,cicids2017_v2,bab935988330fa211286aa16361ffd0d95747ae8d7f6c158ef779921b7b9d1ac,
cicids2017_v2,LeakyParallel,latency,0.9975112690584861,0.9789007382634445,0.7889165210204645,0.9975421160937494,0.7948705141923922,0.7831205906107556,0.9993469932035891,0.9822498347432218,0.9822254330240828,0.9780027022542489,0.0007195137079766778,0.9976949653096695,0.9844314806198776,,,,,,497.14463606946543,0.9252414081098548,39.90437726970849,454.36922063332815,42.775415436137294,7379.606393689327,10885,5611.411647081375,0.26584343805509725,10,50,128,128,0.001,42,cicids2017_v2,bab935988330fa211286aa16361ffd0d95747ae8d7f6c158ef779921b7b9d1ac,
cicids2017_v2,LeakyParallel,latency,0.9980923850838644,0.9820146332375901,0.7914725873581283,0.9980965023244699,0.7974966911489255,0.7856117065900721,0.9994980802683924,0.9863912855765217,0.9863466254641745,0.9790930855476806,0.00027101046825646753,0.9981912984498863,0.9877561757180094,,,,,,559.9744026339216,0.9157933229121922,39.90437726970849,524.5016197063686,35.47278292755303,7730.2683890545295,10885,5616.726470708847,0.2603644776003023,10,50,128,128,0.001,44,cicids2017_v2,bab935988330fa211286aa16361ffd0d95747ae8d7f6c158ef779921b7b9d1ac,
ctu13_v2_f1,LeakyParallel,latency,0.7881428246359223,0.7682608005975395,0.7678905416790673,0.7738547431276034,0.8567808149774865,0.7682608005975395,0.5781671130433982,0.6187416490384435,0.5568657153798704,0.9968163144260207,0.4602947132309418,0.7881428246359223,0.8364525313444634,,,,,,177.01977776092232,0.9727661880367812,20.652011908373787,145.49869633646844,31.521081424453882,2934.4549169447814,3714,1574.9099044799805,0.15146531010932715,10,50,128,128,0.001,42,ctu13_v2_f1,66ce4986e742f210d51d52fffc99f6522e778aa17764358a73256f0b92483896,1
ctu13_v2_f1,LeakyParallel,latency,0.6898608161407767,0.6778474545230636,0.6773298521175479,0.6828613216827693,0.6948866410843972,0.6778474545230636,0.5666168792548439,0.3723444267739746,0.36269386146754345,0.8159480841190786,0.4602531750729514,0.6898608161407767,0.74091733527646,,,,,,186.33003545964806,0.9713338406985157,20.652011908373787,155.7152941064927,30.61474135315534,2954.88811248483,3714,1573.0671517848969,0.14905152204943803,10,50,128,128,0.001,43,ctu13_v2_f1,66ce4986e742f210d51d52fffc99f6522e778aa17764358a73256f0b92483896,1
ctu13_v2_f1,LeakyParallel,latency,0.7721480582524272,0.7540787748496331,0.7537532602655116,0.7596079198391735,0.8196979171201625,0.7540787748496331,0.5983351408126721,0.5700121230425558,0.5253164059506987,0.961795773112249,0.45363822341298277,0.7721480582524272,0.8210560019061944,,,,,,180.49315932190535,0.9722318216427838,20.652011908373787,153.23667892900485,27.256480392900485,2949.9308821298546,3714,1573.4092292785645,0.14837393401534232,10,50,128,128,0.001,44,ctu13_v2_f1,66ce4986e742f210d51d52fffc99f6522e778aa17764358a73256f0b92483896,1
nslkdd_v2,LeakyParallel,delta,0.7500887154009936,0.5257686198584045,0.5555686044756291,0.7193847386571555,0.8326443199943275,0.5257686198584045,0.94378546588899,0.6344197167338168,0.6055281204581136,0.6535494428426712,0.030068993924415612,0.789833215046132,0.7797508367422833,0.5416877637130801,0.46618253311307695,0.4555136301396306,0.5415549597855228,0.12639405204460966,258.458392476934,0.9611340763192581,14.580154364797728,218.1692689850958,40.28912349183818,2957.1061036195883,16901,450.6477065086365,0.32004337517228676,10,50,128,128,0.001,42,nslkdd_v2,acc0af8831e88fef0b5c06e3ce974ac35cb3e4345e8d071f18deb2948b3bdd6d,
nslkdd_v2,LeakyParallel,delta,0.7611337828246983,0.5021815951631465,0.504719920661399,0.7256528351735412,0.6530521380480642,0.5021815951631465,0.9508786237128246,0.6496017073798475,0.6232637144533826,0.6750564949738954,0.03161363402327258,0.8014105748757985,0.794661285144246,0.5582278481012658,0.4174773685486971,0.4695466732670948,0.5700144359661786,0.1324349442379182,295.7731547196593,0.955522833876743,14.580154364797728,242.03264726756564,53.74050745209368,3076.4229950319377,16901,450.56669521331787,0.31799783386855873,10,50,128,128,0.001,43,nslkdd_v2,acc0af8831e88fef0b5c06e3ce974ac35cb3e4345e8d071f18deb2948b3bdd6d,
nslkdd_v2,LeakyParallel,delta,0.7575408090844571,0.5537789426207678,0.5758629645978154,0.7231593185687288,0.7986301811659953,0.5537789426207678,0.9457228061161705,0.6444291987018033,0.6202688839688826,0.6898620743395932,0.03284934610235815,0.8093062455642299,0.8046353101567825,0.5515611814345992,0.4864786943382107,0.45786932644101114,0.5896061043514127,0.1370817843866171,236.21597764371896,0.964478800354328,14.580154364797728,207.64243257629525,28.573545067423705,2904.4719215755854,16901,451.1934847831726,0.32226011590639525,10,50,128,128,0.001,44,nslkdd_v2,acc0af8831e88fef0b5c06e3ce974ac35cb3e4345e8d071f18deb2948b3bdd6d,
kddcup99_v2,LeakyParallel,delta,0.921869021859698,0.6435006698811521,0.6450577823574639,0.9072267906587713,0.8150124331367123,0.6435006698811521,0.9707121816226887,0.8211359784151705,0.813675231554258,0.9122370585698542,0.007954714240918918,0.9277848689350511,0.9531452411994784,,,,,,135.57479206119044,0.9796128132238812,12.490578048992216,118.42253294708854,17.152259114101902,2190.9066550064463,16389,1211.047393321991,0.16995133081137773,10,50,128,128,0.001,42,kddcup99_v2,da7e7fae00a54821b062a6ed3ce86f6aec975e5e296fec2f83a72067dadab5a9,
kddcup99_v2,LeakyParallel,delta,0.9253413668821878,0.63896163851084,0.6327025573651096,0.9103757487370017,0.7829254484302214,0.63896163851084,0.9832397824463934,0.8277030394242587,0.82091276846237,0.9172722771486528,0.009126466753585397,0.9316108787283501,0.9557505923566747,,,,,,219.18603409971416,0.9670396941203437,12.490578048992216,196.60608174800421,22.57995235170997,2581.8243990110245,16389,1210.8712749481201,0.16974982533901747,10,50,128,128,0.001,43,kddcup99_v2,da7e7fae00a54821b062a6ed3ce86f6aec975e5e296fec2f83a72067dadab5a9,
kddcup99_v2,LeakyParallel,delta,0.9221101569307042,0.6205801326518213,0.6287851787569203,0.907047740599361,0.8128130412528654,0.6205801326518213,0.9735356113696393,0.8215173252148558,0.813921775658901,0.9110072034372055,0.00767415378013962,0.9268492648595469,0.9525060014612254,,,,,,128.41846901735852,0.9806889520274649,12.490578048992216,107.05148716036125,21.366981856997256,2134.05142607281,16389,1216.1165063381195,0.17198491222746995,10,50,128,128,0.001,44,kddcup99_v2,da7e7fae00a54821b062a6ed3ce86f6aec975e5e296fec2f83a72067dadab5a9,
ctu13_v2_f0,LeakyParallel,delta,0.4790346005276697,0.5536021597570666,0.4058381869061807,0.37081188946692356,0.7141715414372345,0.5536021597570666,0.7654104385448437,0.21429005744117824,0.09089883453845005,0.10963283343519345,0.002428513921060099,0.4790346005276697,0.19729439335358168,,,,,,98.30545267856898,0.9848760842032971,22.232778666988796,75.52774658675665,22.777706091812334,2996.851162548079,3714,1549.5434348583221,0.3236590300153194,10,50,128,128,0.001,42,ctu13_v2_f0,855476eadf4b4a098dcda7f57266971095f0fc80129808ea8bf3e21c9399c806,0
ctu13_v2_f0,LeakyParallel,delta,0.4792157982445785,0.5538208830963419,0.40595603147700526,0.37091805448061066,0.7156215111696899,0.5538208830963419,0.765576899475448,0.21545245550441477,0.09126475308454485,0.10962813219876828,0.0019863660060844834,0.4792157982445785,0.19734269876867094,,,,,,131.0958618285046,0.9798314058725377,22.232778666988796,104.95982352440541,26.136038304099188,3055.715316423377,3714,1550.8233263492584,0.32279789072231124,10,50,128,128,0.001,43,ctu13_v2_f0,855476eadf4b4a098dcda7f57266971095f0fc80129808ea8bf3e21c9399c806,0
ctu13_v2_f0,LeakyParallel,delta,0.4792157982445785,0.5538208830963419,0.40595603147700526,0.37091805448061066,0.7156215111696899,0.5538208830963419,0.7656646943280805,0.21545245550441477,0.09126475308454485,0.10962813219876828,0.0019863660060844834,0.4792157982445785,0.19734269876867094,,,,,,121.13999445425169,0.981363077776269,22.232778666988796,95.14013172524935,25.99986272900234,3036.0759328250647,3714,1557.0917613506317,0.31917118676453143,10,50,128,128,0.001,44,ctu13_v2_f0,855476eadf4b4a098dcda7f57266971095f0fc80129808ea8bf3e21c9399c806,0
cicids2017_v2,LeakyParallel,delta,0.9708664810863513,0.5993750718442741,0.4999417903728515,0.9665869953576527,0.6719594462988359,0.5993750718442741,0.9816440686451376,0.7762406753697347,0.7694851202926496,0.6960438049636144,0.006987107917513574,0.9708841441874267,0.7808328458224751,,,,,,145.9482082550269,0.9780529010142817,39.90437726970849,93.22721459961282,52.72099365541409,5573.896363520751,10885,6357.4175000190735,0.31013932016382356,10,50,128,128,0.001,42,cicids2017_v2,bab935988330fa211286aa16361ffd0d95747ae8d7f6c158ef779921b7b9d1ac,
cicids2017_v2,LeakyParallel,delta,0.9716383586033432,0.5995453101873142,0.5000401127697593,0.9669695643018434,0.672158498930473,0.5995453101873142,0.9665907334277821,0.7818171565920063,0.7742754062632529,0.6957356531632968,0.006147357170803393,0.9716383586033432,0.7852164956727619,,,,,,171.07568638810778,0.9742743328739688,39.90437726970849,107.99700787067783,63.07867851742995,5647.745329876076,10885,6357.420565843582,0.31001397724477997,10,50,128,128,0.001,43,cicids2017_v2,bab935988330fa211286aa16361ffd0d95747ae8d7f6c158ef779921b7b9d1ac,
cicids2017_v2,LeakyParallel,delta,0.9676306009693509,0.6679317855205078,0.5160557908835118,0.968204105280496,0.6276907634790849,0.6679317855205078,0.9778561431636115,0.7820159810967869,0.7807616593563267,0.8437670372389598,0.02087162310459668,0.9690418827452698,0.8024436704651765,,,,,,93.95170554903983,0.985871923977588,39.90437726970849,70.3433441902528,23.60836135878704,5459.47701147395,10885,6362.455586433411,0.3085668714914089,10,50,128,128,0.001,44,cicids2017_v2,bab935988330fa211286aa16361ffd0d95747ae8d7f6c158ef779921b7b9d1ac,
ctu13_v2_f1,LeakyParallel,delta,0.8676236347087378,0.8553650896605458,0.8611874750974703,0.8637876144323027,0.899907151041579,0.8553650896605458,0.8713256616577927,0.7539576661478659,0.7270884815027239,0.9962842464259859,0.2855540671048942,0.8676236347087378,0.8910775999937591,,,,,,141.20011472239077,0.9782769054273245,20.652011908373787,112.56379418234224,28.636320540048544,2868.585112636529,3714,1328.4088072776794,0.10966971173014456,10,50,128,128,0.001,42,ctu13_v2_f1,66ce4986e742f210d51d52fffc99f6522e778aa17764358a73256f0b92483896,1
ctu13_v2_f1,LeakyParallel,delta,0.8214881674757282,0.8129433710974534,0.8162432881057218,0.8189438755808779,0.8314397727440821,0.8129433710974534,0.7874467876735831,0.644117628382602,0.6350101277012998,0.9111708112728637,0.2852840690779567,0.8214881674757282,0.8472881232206732,,,,,,171.8431289820995,0.9735625955412155,20.652011908373787,133.82397223907768,38.019156743021846,2911.10546875,3714,1328.0969517230988,0.1079508270706656,10,50,128,128,0.001,43,ctu13_v2_f1,66ce4986e742f210d51d52fffc99f6522e778aa17764358a73256f0b92483896,1
ctu13_v2_f1,LeakyParallel,delta,0.4132660800970874,0.4377014025161476,0.37650289319515773,0.3633326835264527,0.4080074282437543,0.4377014025161476,0.7310356672089893,-0.15140684527915851,-0.11778695665518057,0.15680305633815103,0.28140025130585583,0.4132660800970874,0.2251036175354679,,,,,,103.79037090412622,0.9840322506301344,20.652011908373787,79.27886074029126,24.511510163834952,2802.0152457524273,3714,1332.9318704605103,0.07482968808775678,10,50,128,128,0.001,44,ctu13_v2_f1,66ce4986e742f210d51d52fffc99f6522e778aa17764358a73256f0b92483896,1
