protocol,variant,n,fixed,fixed_sd,present,present_sd,n_present,n_fixed,ceiling,ratio
cicids2017_v2,Alpha/delta,5,0.4836478814858648,0.005767167394700962,0.6045598518573311,0.007208959243376187,4,5,0.8,1.2500000000000002
cicids2017_v2,Alpha/latency,5,0.770384167783773,0.0035303151650442383,0.9629802097297164,0.00441289395630533,4,5,0.8,1.2500000000000002
cicids2017_v2,Alpha/rate,5,0.7007049418478821,0.005630481920382873,0.8758811773098527,0.007038102400478578,4,5,0.8,1.25
cicids2017_v2,Lapicque/delta,5,0.48774662326366497,0.011738106357980916,0.6096832790795812,0.014672632947476163,4,5,0.8,1.25
cicids2017_v2,Lapicque/latency,5,0.77847788019341,0.0009095924902824774,0.9730973502417625,0.0011369906128530895,4,5,0.8,1.25
cicids2017_v2,Lapicque/rate,5,0.7283471287215285,0.008327300839656352,0.9104339109019106,0.010409126049570429,4,5,0.8,1.25
cicids2017_v2,Leaky/delta,5,0.4875936368715429,0.00896396042327315,0.6094920460894286,0.01120495052909141,4,5,0.8,1.25
cicids2017_v2,Leaky/latency,5,0.7838166801189809,0.0008333015263321708,0.9797708501487261,0.0010416269079152178,4,5,0.8,1.25
cicids2017_v2,Leaky/rate,5,0.7304072126117576,0.010236142969458042,0.9130090157646971,0.01279517871182255,4,5,0.8,1.2500000000000002
cicids2017_v2,LeakyParallel/delta,5,0.4980727678700781,0.008699320146612063,0.6225909598375976,0.010874150183265086,4,5,0.8,1.25
cicids2017_v2,LeakyParallel/latency,5,0.7842318039546579,0.00297494418156443,0.9802897549433223,0.003718680226955605,4,5,0.8,1.25
cicids2017_v2,LeakyParallel/rate,5,0.7276962776167651,0.01531540676379177,0.9096203470209565,0.019144258454739705,4,5,0.8,1.2500000000000002
cicids2017_v2,RLeaky/delta,5,0.4812807038099226,0.003189350775882259,0.6016008797624033,0.00398668846985284,4,5,0.8,1.25
cicids2017_v2,RLeaky/latency,5,0.7775666444105024,0.006037605265414207,0.9719583055131279,0.007547006581767728,4,5,0.8,1.25
cicids2017_v2,RLeaky/rate,5,0.7263234886748704,0.0047386300609824905,0.9079043608435878,0.005923287576228141,4,5,0.8,1.2499999999999998
cicids2017_v2,RSynaptic/delta,5,0.48438576929758553,0.006615198194813615,0.6054822116219818,0.008268997743516993,4,5,0.8,1.2499999999999998
cicids2017_v2,RSynaptic/latency,5,0.7765472357988721,0.003911266283552494,0.9706840447485903,0.004889082854440634,4,5,0.8,1.2500000000000002
cicids2017_v2,RSynaptic/rate,5,0.7236355182499745,0.012313500989229722,0.9045443978124681,0.015391876236537235,4,5,0.8,1.25
cicids2017_v2,SConv2dLSTM/delta,5,0.47937379459663454,0.00036730362296354656,0.5992172432457931,0.0004591295287044493,4,5,0.8,1.2499999999999998
cicids2017_v2,SConv2dLSTM/latency,5,0.7750974167446647,0.003539044696222862,0.9688717709308309,0.004423805870278568,4,5,0.8,1.25
cicids2017_v2,SConv2dLSTM/rate,5,0.6955171364731327,0.014064331391919462,0.869396420591416,0.017580414239899384,4,5,0.8,1.25
cicids2017_v2,SLSTM/delta,5,0.4842611847629924,0.008119644657198768,0.6053264809537405,0.010149555821498462,4,5,0.8,1.25
cicids2017_v2,SLSTM/latency,5,0.7781196913234012,0.004194125981906497,0.9726496141542516,0.005242657477383077,4,5,0.8,1.25
cicids2017_v2,SLSTM/rate,5,0.7177385588209786,0.006911696841847928,0.8971731985262231,0.008639621052309851,4,5,0.8,1.2499999999999998
cicids2017_v2,Synaptic/delta,5,0.4836695830125988,0.013359600557604578,0.6045869787657485,0.01669950069700577,4,5,0.8,1.25
cicids2017_v2,Synaptic/latency,5,0.7791827268210634,0.0046183440894916866,0.9739784085263292,0.005772930111864611,4,5,0.8,1.25
cicids2017_v2,Synaptic/rate,5,0.6035931263990725,0.05381727093111046,0.7544914079988406,0.06727158866388806,4,5,0.8,1.25
ctu13_v2_f0,Alpha/delta,5,0.566822657215585,0.059731608355665114,0.566822657215585,0.059731608355665114,2,2,1.0,1.0
ctu13_v2_f0,Alpha/latency,5,0.9936674369740149,0.0032439526391448365,0.9936674369740149,0.0032439526391448365,2,2,1.0,1.0
ctu13_v2_f0,Alpha/rate,5,0.9775529681162854,0.003143362321396248,0.9775529681162854,0.003143362321396248,2,2,1.0,1.0
ctu13_v2_f0,Lapicque/delta,5,0.6269495710447069,0.09553701905116328,0.6269495710447069,0.09553701905116328,2,2,1.0,1.0
ctu13_v2_f0,Lapicque/latency,5,0.9814735390148073,0.011015520445246034,0.9814735390148073,0.011015520445246034,2,2,1.0,1.0
ctu13_v2_f0,Lapicque/rate,5,0.9823368019594876,0.005416622062645766,0.9823368019594876,0.005416622062645766,2,2,1.0,1.0
ctu13_v2_f0,Leaky/delta,5,0.6100779975913662,0.03329071179919223,0.6100779975913662,0.03329071179919223,2,2,1.0,1.0
ctu13_v2_f0,Leaky/latency,5,0.9963341399784822,0.004332314379307828,0.9963341399784822,0.004332314379307828,2,2,1.0,1.0
ctu13_v2_f0,Leaky/rate,5,0.9868487585574268,0.004857440256055949,0.9868487585574268,0.004857440256055949,2,2,1.0,1.0
ctu13_v2_f0,LeakyParallel/delta,5,0.5938109762142924,0.004776667231838956,0.5938109762142924,0.004776667231838956,2,2,1.0,1.0
ctu13_v2_f0,LeakyParallel/latency,5,0.9985402953121495,0.001326331565707405,0.9985402953121495,0.001326331565707405,2,2,1.0,1.0
ctu13_v2_f0,LeakyParallel/rate,5,0.9875848080637895,0.0017765170375729257,0.9875848080637895,0.0017765170375729257,2,2,1.0,1.0
ctu13_v2_f0,RLeaky/delta,5,0.5686194536230852,0.06291330724333705,0.5686194536230852,0.06291330724333705,2,2,1.0,1.0
ctu13_v2_f0,RLeaky/latency,5,0.9821009000084958,0.012762273875535187,0.9821009000084958,0.012762273875535187,2,2,1.0,1.0
ctu13_v2_f0,RLeaky/rate,5,0.9901892818282609,0.0016560488013186072,0.9901892818282609,0.0016560488013186072,2,2,1.0,1.0
ctu13_v2_f0,RSynaptic/delta,5,0.5949440395047592,0.09111397168882066,0.5949440395047592,0.09111397168882066,2,2,1.0,1.0
ctu13_v2_f0,RSynaptic/latency,5,0.9664569338948643,0.01225921236272599,0.9664569338948643,0.01225921236272599,2,2,1.0,1.0
ctu13_v2_f0,RSynaptic/rate,5,0.9872240257692123,0.0020454470570744855,0.9872240257692123,0.0020454470570744855,2,2,1.0,1.0
ctu13_v2_f0,SConv2dLSTM/delta,5,0.5323486570558056,0.0701890103112557,0.5323486570558056,0.0701890103112557,2,2,1.0,1.0
ctu13_v2_f0,SConv2dLSTM/latency,5,0.9774606542270584,0.04289371515458077,0.9774606542270584,0.04289371515458077,2,2,1.0,1.0
ctu13_v2_f0,SConv2dLSTM/rate,5,0.9876934855036824,0.0024393139997411425,0.9876934855036824,0.0024393139997411425,2,2,1.0,1.0
ctu13_v2_f0,SLSTM/delta,5,0.5407854645307534,0.07553673648461243,0.5407854645307534,0.07553673648461243,2,2,1.0,1.0
ctu13_v2_f0,SLSTM/latency,5,0.9027525201555852,0.03250754434405125,0.9027525201555852,0.03250754434405125,2,2,1.0,1.0
ctu13_v2_f0,SLSTM/rate,5,0.9758330665802989,0.00643453837773047,0.9758330665802989,0.00643453837773047,2,2,1.0,1.0
ctu13_v2_f0,Synaptic/delta,5,0.5403848765347495,0.0752036040957237,0.5403848765347495,0.0752036040957237,2,2,1.0,1.0
ctu13_v2_f0,Synaptic/latency,5,0.9995044795774397,0.00011909594438311875,0.9995044795774397,0.00011909594438311875,2,2,1.0,1.0
ctu13_v2_f0,Synaptic/rate,5,0.9416047876803948,0.027590364185208407,0.9416047876803948,0.027590364185208407,2,2,1.0,1.0
ctu13_v2_f1,Alpha/delta,5,0.8905950912683543,0.01631242749948322,0.8905950912683543,0.01631242749948322,2,2,1.0,1.0
ctu13_v2_f1,Alpha/latency,5,0.7608029544633893,0.003722467170147109,0.7608029544633893,0.003722467170147109,2,2,1.0,1.0
ctu13_v2_f1,Alpha/rate,5,0.7664217850233414,0.0035267790264279834,0.7664217850233414,0.0035267790264279834,2,2,1.0,1.0
ctu13_v2_f1,Lapicque/delta,5,0.8815332669549271,0.006163138332640442,0.8815332669549271,0.006163138332640442,2,2,1.0,1.0
ctu13_v2_f1,Lapicque/latency,5,0.6306647026329214,0.1251932117904833,0.6306647026329214,0.1251932117904833,2,2,1.0,1.0
ctu13_v2_f1,Lapicque/rate,5,0.7588914430006846,0.009869601710787065,0.7588914430006846,0.009869601710787065,2,2,1.0,1.0
ctu13_v2_f1,Leaky/delta,5,0.88468833950862,0.005553542619479096,0.88468833950862,0.005553542619479096,2,2,1.0,1.0
ctu13_v2_f1,Leaky/latency,5,0.5288270757246873,0.1538227180910091,0.5288270757246873,0.1538227180910091,2,2,1.0,1.0
ctu13_v2_f1,Leaky/rate,5,0.7688299617431243,0.008781962083517494,0.7688299617431243,0.008781962083517494,2,2,1.0,1.0
ctu13_v2_f1,LeakyParallel/delta,5,0.8825338488914823,0.006687996131377381,0.8825338488914823,0.006687996131377381,2,2,1.0,1.0
ctu13_v2_f1,LeakyParallel/latency,5,0.7702196450852508,0.004063704262570951,0.7702196450852508,0.004063704262570951,2,2,1.0,1.0
ctu13_v2_f1,LeakyParallel/rate,5,0.7750485450187782,0.0049927216066047286,0.7750485450187782,0.0049927216066047286,2,2,1.0,1.0
ctu13_v2_f1,RLeaky/delta,5,0.8872999635105924,0.00022563142866976983,0.8872999635105924,0.00022563142866976983,2,2,1.0,1.0
ctu13_v2_f1,RLeaky/latency,5,0.8983941984355603,0.08274639963881188,0.8983941984355603,0.08274639963881188,2,2,1.0,1.0
ctu13_v2_f1,RLeaky/rate,5,0.7697765308173178,0.007350672531170461,0.7697765308173178,0.007350672531170461,2,2,1.0,1.0
ctu13_v2_f1,RSynaptic/delta,5,0.8817536838283739,0.00742315154686516,0.8817536838283739,0.00742315154686516,2,2,1.0,1.0
ctu13_v2_f1,RSynaptic/latency,5,0.9114421775005942,0.10896028089364514,0.9114421775005942,0.10896028089364514,2,2,1.0,1.0
ctu13_v2_f1,RSynaptic/rate,5,0.7799558772341213,0.005620841142441068,0.7799558772341213,0.005620841142441068,2,2,1.0,1.0
ctu13_v2_f1,SConv2dLSTM/delta,5,0.8973178339755006,0.01964156533094677,0.8973178339755006,0.01964156533094677,2,2,1.0,1.0
ctu13_v2_f1,SConv2dLSTM/latency,5,0.5799439794568058,0.2791985819224733,0.5799439794568058,0.2791985819224733,2,2,1.0,1.0
ctu13_v2_f1,SConv2dLSTM/rate,5,0.7577784956230824,0.014916312044504991,0.7577784956230824,0.014916312044504991,2,2,1.0,1.0
ctu13_v2_f1,SLSTM/delta,5,0.8936564916263222,0.014084900279745106,0.8936564916263222,0.014084900279745106,2,2,1.0,1.0
ctu13_v2_f1,SLSTM/latency,5,0.31606889525021364,0.13733670240407475,0.31606889525021364,0.13733670240407475,2,2,1.0,1.0
ctu13_v2_f1,SLSTM/rate,5,0.7637182896983264,0.005325191671210532,0.7637182896983264,0.005325191671210532,2,2,1.0,1.0
ctu13_v2_f1,Synaptic/delta,5,0.8849868506608667,0.005393347345528672,0.8849868506608667,0.005393347345528672,2,2,1.0,1.0
ctu13_v2_f1,Synaptic/latency,5,0.6502408466645663,0.20038984423490666,0.6502408466645663,0.20038984423490666,2,2,1.0,1.0
ctu13_v2_f1,Synaptic/rate,5,0.8054219149952127,0.041055675863989824,0.8054219149952127,0.041055675863989824,2,2,1.0,1.0
kddcup99_v2,Alpha/delta,5,0.5286656460011783,0.0012184287899658,0.5286656460011783,0.0012184287899658,5,5,1.0,1.0
kddcup99_v2,Alpha/latency,5,0.5434105225190231,0.00859834395679306,0.5434105225190231,0.00859834395679306,5,5,1.0,1.0
kddcup99_v2,Alpha/rate,5,0.5425975644664943,0.003569288530934329,0.5425975644664943,0.003569288530934329,5,5,1.0,1.0
kddcup99_v2,Lapicque/delta,5,0.5821961142314246,0.021821147332456117,0.5821961142314246,0.021821147332456117,5,5,1.0,1.0
kddcup99_v2,Lapicque/latency,5,0.5984507085622258,0.009640403054988497,0.5984507085622258,0.009640403054988497,5,5,1.0,1.0
kddcup99_v2,Lapicque/rate,5,0.6070355219803255,0.01177734533163372,0.6070355219803255,0.01177734533163372,5,5,1.0,1.0
kddcup99_v2,Leaky/delta,5,0.599536579670336,0.033392425140476426,0.599536579670336,0.033392425140476426,5,5,1.0,1.0
kddcup99_v2,Leaky/latency,5,0.6575453184909611,0.020106134990250206,0.6575453184909611,0.020106134990250206,5,5,1.0,1.0
kddcup99_v2,Leaky/rate,5,0.6219661508331864,0.03887582415477891,0.6219661508331864,0.03887582415477891,5,5,1.0,1.0
kddcup99_v2,LeakyParallel/delta,5,0.608291065482877,0.036492877996215374,0.608291065482877,0.036492877996215374,5,5,1.0,1.0
kddcup99_v2,LeakyParallel/latency,5,0.6309375713404924,0.011926048831580266,0.6309375713404924,0.011926048831580266,5,5,1.0,1.0
kddcup99_v2,LeakyParallel/rate,5,0.608879025239483,0.040034035890764194,0.608879025239483,0.040034035890764194,5,5,1.0,1.0
kddcup99_v2,RLeaky/delta,5,0.5317816241303556,0.01660998835716204,0.5317816241303556,0.01660998835716204,5,5,1.0,1.0
kddcup99_v2,RLeaky/latency,5,0.559717949862519,0.04379910134984829,0.559717949862519,0.04379910134984829,5,5,1.0,1.0
kddcup99_v2,RLeaky/rate,5,0.5815625260815805,0.025382484125310262,0.5815625260815805,0.025382484125310262,5,5,1.0,1.0
kddcup99_v2,RSynaptic/delta,5,0.6127987736907408,0.024781932506268752,0.6127987736907408,0.024781932506268752,5,5,1.0,1.0
kddcup99_v2,RSynaptic/latency,5,0.5871136920000728,0.037354924788518803,0.5871136920000728,0.037354924788518803,5,5,1.0,1.0
kddcup99_v2,RSynaptic/rate,5,0.6054133551308453,0.024901968982007607,0.6054133551308453,0.024901968982007607,5,5,1.0,1.0
kddcup99_v2,SConv2dLSTM/delta,5,0.6162015790428386,0.014724276309024667,0.6162015790428386,0.014724276309024667,5,5,1.0,1.0
kddcup99_v2,SConv2dLSTM/latency,5,0.6071614305898787,0.028374310135765503,0.6071614305898787,0.028374310135765503,5,5,1.0,1.0
kddcup99_v2,SConv2dLSTM/rate,5,0.609356601667891,0.012751168677722963,0.609356601667891,0.012751168677722963,5,5,1.0,1.0
kddcup99_v2,SLSTM/delta,5,0.6200142687636941,0.020095773303224505,0.6200142687636941,0.020095773303224505,5,5,1.0,1.0
kddcup99_v2,SLSTM/latency,5,0.6314335507667879,0.011978400842763472,0.6314335507667879,0.011978400842763472,5,5,1.0,1.0
kddcup99_v2,SLSTM/rate,5,0.6172451602054434,0.011055293641865107,0.6172451602054434,0.011055293641865107,5,5,1.0,1.0
kddcup99_v2,Synaptic/delta,5,0.591051794651602,0.03793806504467349,0.591051794651602,0.03793806504467349,5,5,1.0,1.0
kddcup99_v2,Synaptic/latency,5,0.6322154870968846,0.012292638074840807,0.6322154870968846,0.012292638074840807,5,5,1.0,1.0
kddcup99_v2,Synaptic/rate,5,0.5342719626295808,0.008449969676926633,0.5342719626295808,0.008449969676926633,5,5,1.0,1.0
nslkdd_v2,Alpha/delta,5,0.4692765613481753,0.006439234722414259,0.4692765613481753,0.006439234722414259,5,5,1.0,1.0
nslkdd_v2,Alpha/latency,5,0.46441862009316404,0.005619027709769918,0.46441862009316404,0.005619027709769918,5,5,1.0,1.0
nslkdd_v2,Alpha/rate,5,0.4805672456894369,0.0042682200315071,0.4805672456894369,0.0042682200315071,5,5,1.0,1.0
nslkdd_v2,Lapicque/delta,5,0.48691767789672247,0.006013082623987981,0.48691767789672247,0.006013082623987981,5,5,1.0,1.0
nslkdd_v2,Lapicque/latency,5,0.48130729944258344,0.0017918872607843451,0.48130729944258344,0.0017918872607843451,5,5,1.0,1.0
nslkdd_v2,Lapicque/rate,5,0.5261876707338826,0.01277623151256476,0.5261876707338826,0.01277623151256476,5,5,1.0,1.0
nslkdd_v2,Leaky/delta,5,0.5556398150035399,0.03002758000855585,0.5556398150035399,0.03002758000855585,5,5,1.0,1.0
nslkdd_v2,Leaky/latency,5,0.5637285573112091,0.02318390249589043,0.5637285573112091,0.02318390249589043,5,5,1.0,1.0
nslkdd_v2,Leaky/rate,5,0.5678968625117058,0.030780803004467807,0.5678968625117058,0.030780803004467807,5,5,1.0,1.0
nslkdd_v2,LeakyParallel/delta,5,0.519700356150743,0.01597256467437715,0.519700356150743,0.01597256467437715,5,5,1.0,1.0
nslkdd_v2,LeakyParallel/latency,5,0.5846092469600022,0.027853452759051385,0.5846092469600022,0.027853452759051385,5,5,1.0,1.0
nslkdd_v2,LeakyParallel/rate,5,0.5470851950950509,0.029294552026286294,0.5470851950950509,0.029294552026286294,5,5,1.0,1.0
nslkdd_v2,RLeaky/delta,5,0.4741760484966332,0.02129417035889777,0.4741760484966332,0.02129417035889777,5,5,1.0,1.0
nslkdd_v2,RLeaky/latency,5,0.4829313767791653,0.026461369183350483,0.4829313767791653,0.026461369183350483,5,5,1.0,1.0
nslkdd_v2,RLeaky/rate,5,0.5277533281060716,0.030765898991313538,0.5277533281060716,0.030765898991313538,5,5,1.0,1.0
nslkdd_v2,RSynaptic/delta,5,0.5574408295001065,0.037273065491666875,0.5574408295001065,0.037273065491666875,5,5,1.0,1.0
nslkdd_v2,RSynaptic/latency,5,0.5281268130692922,0.03057195406849171,0.5281268130692922,0.03057195406849171,5,5,1.0,1.0
nslkdd_v2,RSynaptic/rate,5,0.553163445066952,0.0352755213197846,0.553163445066952,0.0352755213197846,5,5,1.0,1.0
nslkdd_v2,SConv2dLSTM/delta,5,0.5430045102573267,0.034404725494307786,0.5430045102573267,0.034404725494307786,5,5,1.0,1.0
nslkdd_v2,SConv2dLSTM/latency,5,0.5638557084752528,0.019215257078058445,0.5638557084752528,0.019215257078058445,5,5,1.0,1.0
nslkdd_v2,SConv2dLSTM/rate,5,0.5640418756921145,0.01727501316105481,0.5640418756921145,0.01727501316105481,5,5,1.0,1.0
nslkdd_v2,SLSTM/delta,5,0.5494084180013379,0.03453526480496575,0.5494084180013379,0.03453526480496575,5,5,1.0,1.0
nslkdd_v2,SLSTM/latency,5,0.5532510024708378,0.015472155912378304,0.5532510024708378,0.015472155912378304,5,5,1.0,1.0
nslkdd_v2,SLSTM/rate,5,0.569972731831853,0.0248960165786379,0.569972731831853,0.0248960165786379,5,5,1.0,1.0
nslkdd_v2,Synaptic/delta,5,0.5318697944756939,0.025231449155005983,0.5318697944756939,0.025231449155005983,5,5,1.0,1.0
nslkdd_v2,Synaptic/latency,5,0.5677988942265797,0.019804434377360642,0.5677988942265797,0.019804434377360642,5,5,1.0,1.0
nslkdd_v2,Synaptic/rate,5,0.5147535448626772,0.03215931140242536,0.5147535448626772,0.03215931140242536,5,5,1.0,1.0
