arm,protocol,n,f1,f1sd,mcc,dr,far,in_spk,sops
A_latency_thr000,cicids2017_v2,3,0.784619,0.003467,0.982690,0.976699,0.000569,39.968100,6779.335744
A_latency_thr000,ctu13_v2_f0,3,0.998965,0.000447,0.997931,0.999190,0.001280,22.859080,3459.297297
A_latency_thr000,ctu13_v2_f1,3,0.767776,0.001854,0.616539,0.994546,0.458443,20.999469,3161.566081
A_latency_thr000,kddcup99_v2,3,0.639409,0.002471,0.826922,0.911526,0.011866,12.490578,2989.818064
A_latency_thr000,nslkdd_v2,3,0.581766,0.025552,0.662590,0.671602,0.060893,14.580154,3400.442912
B_latency_thr005,cicids2017_v2,3,0.784812,0.001414,0.981463,0.976130,0.000732,37.961076,6485.068539
B_latency_thr005,ctu13_v2_f0,3,0.998558,0.001242,0.997122,0.997905,0.000429,21.362459,3327.061777
B_latency_thr005,ctu13_v2_f1,3,0.771734,0.007028,0.622248,0.994618,0.451416,19.467247,2914.380528
B_latency_thr005,kddcup99_v2,3,0.645599,0.030277,0.824835,0.911293,0.012147,12.086130,2599.944317
B_latency_thr005,nslkdd_v2,3,0.587762,0.016322,0.651471,0.652926,0.055401,13.560282,3329.186435
C_delta_thr001,cicids2017_v2,3,0.482564,0.001722,0.755056,0.657153,0.006369,39.904377,5395.708398
C_delta_thr001,ctu13_v2_f0,3,0.454307,0.041873,0.267296,0.163962,0.002607,22.232779,2986.124018
C_delta_thr001,ctu13_v2_f1,3,0.861157,0.000081,0.753912,0.996287,0.285616,20.652012,2834.267559
C_delta_thr001,kddcup99_v2,3,0.639982,0.006833,0.823212,0.911992,0.007850,12.490578,1998.762970
C_delta_thr001,nslkdd_v2,3,0.570066,0.014812,0.653833,0.682511,0.033055,14.580154,2530.852851
