protocol,encoding,seed,input_spikes,hidden_spikes,output_spikes,fanout_input,fanout_hidden,sops,n_features,input_sops,hidden_sops,total_spikes,hidden_share_pct,input_share_sops_pct
cicids2017_v2,delta,44.000000,37.961076,80.790594,15.713406,128.000000,5.000000,5262.970676,78.000000,4859.017705,403.952970,134.465075,60.082957,92.324621
cicids2017_v2,latency,44.000000,39.904377,341.943576,24.436171,128.000000,5.000000,6817.478172,78.000000,5107.760291,1709.717881,406.284124,84.163657,74.921550
cicids2017_v2,rate,44.000000,369.202043,315.230171,19.617132,128.000000,5.000000,48834.012347,78.000000,47257.861493,1576.150853,704.049346,44.773875,96.772432
ctu13_v2_f0,delta,44.000000,21.362459,97.875059,21.850724,128.000000,2.000000,2930.144817,25.000000,2734.394698,195.750118,141.088242,69.371521,93.319439
ctu13_v2_f0,latency,44.000000,22.232779,276.445395,25.927066,128.000000,2.000000,3398.686459,25.000000,2845.795669,552.890790,324.605239,85.163565,83.732221
ctu13_v2_f0,rate,44.000000,309.056358,318.020117,16.987214,128.000000,2.000000,40195.254055,25.000000,39559.213822,636.040234,644.063689,49.377123,98.417624
ctu13_v2_f1,delta,44.000000,19.467247,156.979304,28.569121,128.000000,2.000000,2805.766255,25.000000,2491.807646,313.958609,205.015672,76.569417,88.810236
ctu13_v2_f1,latency,44.000000,20.652012,220.052767,16.870490,128.000000,2.000000,3083.563057,25.000000,2643.457524,440.105533,257.575268,85.432413,85.727370
ctu13_v2_f1,rate,44.000000,308.258204,313.730913,18.229881,128.000000,2.000000,40084.511948,25.000000,39457.050121,627.461827,640.218998,49.003687,98.434653
kddcup99_v2,delta,44.000000,12.086130,74.534512,16.137809,128.000000,5.000000,1919.697228,121.000000,1547.024670,372.672558,102.758451,72.533705,80.586910
kddcup99_v2,latency,44.000000,12.490578,248.875855,37.698439,128.000000,5.000000,2843.173264,121.000000,1598.793990,1244.379273,299.064872,83.218017,56.232732
kddcup99_v2,rate,44.000000,245.577466,358.167143,18.466878,128.000000,5.000000,33224.751414,121.000000,31433.915700,1790.835713,622.211487,57.563570,94.609935
nslkdd_v2,delta,44.000000,13.560282,137.091120,16.266945,128.000000,5.000000,2421.171709,125.000000,1735.716111,685.455598,166.918346,82.130648,71.689096
nslkdd_v2,latency,44.000000,14.580154,299.340649,32.885016,128.000000,5.000000,3362.963006,125.000000,1866.259759,1496.703247,346.805820,86.313618,55.494508
nslkdd_v2,rate,44.000000,238.584883,392.634564,16.791004,128.000000,5.000000,32502.037828,125.000000,30538.865011,1963.172818,648.010451,60.590776,93.959847
