axis,protocol,variant,n,macro_f1_mean,macro_f1_std,mcc_mean,mcc_std,dr_mean,dr_std,far_mean,far_std,sops_mean,sops_std,proto_order
encoding,nslkdd_v2,LeakyParallel/latency,5,0.5846092469600022,0.027853452759051385,0.6585150517786766,0.027171907565408313,0.6695550533780098,0.02985055609824483,0.0648336937493564,0.014500177236512311,3362.963005677786,161.20114818605612,0
encoding,nslkdd_v2,LeakyParallel/rate,5,0.5470851950950509,0.029294552026286294,0.6494185368529493,0.015446295012475185,0.6535806124834411,0.019717769766832097,0.052744310575635875,0.02168658562893663,32502.037828246983,106.6113711741991,0
encoding,nslkdd_v2,LeakyParallel/delta,5,0.519700356150743,0.01597256467437715,0.6417099346433718,0.01482989510061685,0.6488428270864178,0.020666611865037748,0.028689115436103384,0.0003684181612603915,2421.171708658623,119.30832188741411,0
encoding,kddcup99_v2,LeakyParallel/latency,5,0.6309375713404924,0.011926048831580266,0.8268915867299714,0.0032412352736551323,0.9121571978469548,0.0010127169412774055,0.01304441107058571,0.004872080771432215,2843.1732635863536,226.15805625428882,1
encoding,kddcup99_v2,LeakyParallel/rate,5,0.608879025239483,0.040034035890764194,0.826598934981738,0.003323943826294881,0.9129302496446197,0.0009832141045178473,0.012450283035994257,0.004506296031259119,33224.751413533784,205.062121798225,1
encoding,kddcup99_v2,LeakyParallel/delta,5,0.608291065482877,0.036492877996215374,0.8207180799127481,0.002281054560351658,0.9118832755674104,0.0007833254122309607,0.007565230307131188,0.00028479993868744556,1919.6972275897103,37.29893338823563,1
encoding,cicids2017_v2,LeakyParallel/latency,5,0.7842318039546579,0.00297494418156443,0.9812243516626001,0.003276143989344474,0.974480290136772,0.0037863210966002266,0.0006275228307234262,0.00032032920917355223,6817.478171939691,153.50395042131993,2
encoding,cicids2017_v2,LeakyParallel/rate,5,0.7276962776167651,0.01531540676379177,0.9430842490698552,0.004954345726881246,0.9263706829117975,0.007583448917348552,0.0024058858893246686,0.0003753553748657031,48834.012346507654,163.03094047808693,2
encoding,cicids2017_v2,LeakyParallel/delta,5,0.4980727678700781,0.008699320146612063,0.7679590417169495,0.009386024910379192,0.710157157418162,0.04866818171024805,0.009536133138663843,0.004420198108112162,5262.9706757195945,69.53661343253064,2
encoding,ctu13_v2_f0,LeakyParallel/latency,5,0.9985402953121495,0.001326331565707405,0.9970858635047378,0.0026451775933915202,0.9981307883973486,0.0023596006272333637,0.000787947179822217,0.0008755678853730476,3398.686459314249,49.17240260034564,3
encoding,ctu13_v2_f0,LeakyParallel/rate,5,0.9875848080637895,0.0017765170375729257,0.9754193863872338,0.0034671876512452028,0.9803742184194443,0.003275901018524035,0.0015587363808543353,0.0004907310792836181,40195.25405512254,44.79927773559978,3
encoding,ctu13_v2_f0,LeakyParallel/delta,5,0.5938109762142924,0.004776667231838956,0.34609112512909024,0.005670995799184008,0.3747919702881858,0.007214169458149866,0.07133363689757347,0.00045750749821884114,2930.1448165098573,101.6955087526609,3
encoding,ctu13_v2_f1,LeakyParallel/delta,5,0.8825338488914823,0.006687996131377381,0.7668240309682139,0.014162513415303859,0.9213498826833671,0.012986850554896427,0.16014413740822664,0.0006662554153878587,2805.766254550971,191.90478440302303,4
encoding,ctu13_v2_f1,LeakyParallel/rate,5,0.7750485450187782,0.0049927216066047286,0.6250731103205747,0.006968851241990498,0.9928441215208423,0.0005143495750539301,0.443978524772319,0.008859252040608483,40084.511948194784,61.820938217813925,4
encoding,ctu13_v2_f1,LeakyParallel/latency,5,0.7702196450852508,0.004063704262570951,0.6219513779972226,0.0046010036371252365,0.9968110809702827,0.0024860490863486593,0.45616166651089857,0.008766661210600607,3083.5630574939323,92.76759052808053,4
neuron,nslkdd_v2,LeakyParallel/latency,5,0.5846092469600022,0.027853452759051385,0.6585150517786766,0.027171907565408313,0.6695550533780098,0.02985055609824483,0.0648336937493564,0.014500177236512311,3362.963005677786,161.20114818605612,0
neuron,nslkdd_v2,Synaptic/latency,5,0.5677988942265797,0.019804434377360642,0.6517314011836725,0.02010132803864051,0.652770201823424,0.020667522672231813,0.06258881680568427,0.01637082096259481,2504.89908623137,122.37464714462799,0
neuron,nslkdd_v2,SConv2dLSTM/latency,5,0.5638557084752528,0.019215257078058445,0.6405992534611717,0.01610192782795779,0.6266967973194109,0.020311048335255582,0.051776336113685505,0.01751824361717852,8619.959944996452,1484.713506412891,0
neuron,nslkdd_v2,Leaky/latency,5,0.5637285573112091,0.02318390249589043,0.6481816008398583,0.02054261248913626,0.6354242967349801,0.016361333833308452,0.04942848316342292,0.010296313378503997,2781.8762420156136,15.004602318351049,0
neuron,nslkdd_v2,SLSTM/latency,5,0.5532510024708378,0.015472155912378304,0.6436364879393257,0.01838017090328435,0.6180783916465363,0.022144941215677477,0.037236123983111935,0.001327951367449504,9003.466110716821,240.12874226937444,0
neuron,nslkdd_v2,RSynaptic/latency,5,0.5281268130692922,0.03057195406849171,0.6396758875451555,0.021582747409357044,0.6441517961505494,0.022649696190021457,0.051426217691277934,0.014784966400192648,4376.536994322215,364.80904541356483,0
neuron,nslkdd_v2,RLeaky/latency,5,0.4829313767791653,0.026461369183350483,0.6047539127450399,0.019425894670444956,0.5940465986129511,0.031138484779485446,0.05187931212027598,0.023264989745818518,6725.494499645138,600.955784488959,0
neuron,nslkdd_v2,Lapicque/latency,5,0.48130729944258344,0.0017918872607843451,0.6279824444202167,0.005135018991777629,0.6029143614119847,0.005146059548797663,0.04897538873442488,0.009439198905263593,2967.8965134847413,24.75104554848298,0
neuron,nslkdd_v2,Alpha/latency,5,0.46441862009316404,0.005619027709769918,0.6027928413951048,0.012481339607394452,0.5922387594482974,0.007294836406756069,0.06524559777571826,0.009574166177427288,2409.327980837473,22.425148304956327,0
neuron,kddcup99_v2,Leaky/latency,5,0.6575453184909611,0.020106134990250206,0.8265934628549374,0.0022728282901690947,0.9112962992541009,0.0011948342513725904,0.013783770402521744,0.0034947503568232992,2406.357841230239,42.630263730923296,1
neuron,kddcup99_v2,Synaptic/latency,5,0.6322154870968846,0.012292638074840807,0.8236576353928765,0.0027242562699003516,0.9107971697359805,0.0013021235154669312,0.016282408859109136,0.0006208716047992838,2000.0577341662672,82.75948537105829,1
neuron,kddcup99_v2,SLSTM/latency,5,0.6314335507667879,0.011978400842763472,0.8227759052391963,0.002118737972337605,0.9106454343624719,0.0018399202575674694,0.014513227600547917,0.0006179033824532844,7261.340145131161,101.04572895988082,1
neuron,kddcup99_v2,LeakyParallel/latency,5,0.6309375713404924,0.011926048831580266,0.8268915867299714,0.0032412352736551323,0.9121571978469548,0.0010127169412774055,0.01304441107058571,0.004872080771432215,2843.1732635863536,226.15805625428882,1
neuron,kddcup99_v2,SConv2dLSTM/latency,5,0.6071614305898787,0.028374310135765503,0.8242118258172816,0.004634418655296607,0.909774153875641,0.001866075711365123,0.0061063159110788376,0.0031747798630507042,7227.018438795097,1190.5331201469585,1
neuron,kddcup99_v2,Lapicque/latency,5,0.5984507085622258,0.009640403054988497,0.8252420173092428,0.003233534838317709,0.9096415850756282,0.0007386739138889354,0.011582195963230077,0.004378210339923269,2699.3804886361077,71.3899380606848,1
neuron,kddcup99_v2,RSynaptic/latency,5,0.5871136920000728,0.037354924788518803,0.8166753888805138,0.0037228745459449504,0.9081250299477711,0.002630982699721311,0.011328041192877064,0.002985264833238952,5003.583627250193,684.459020522653,1
neuron,kddcup99_v2,RLeaky/latency,5,0.559717949862519,0.04379910134984829,0.8205777568575693,0.002596756971146402,0.9099234934274625,0.0030652770252775,0.0075355239054016145,0.004469122272177195,5862.880773175491,928.0203422010998,1
neuron,kddcup99_v2,Alpha/latency,5,0.5434105225190231,0.00859834395679306,0.8224557444154035,0.002594140354227738,0.9093692600105416,0.0013149292957604852,0.014744277391777926,0.0010098639375125348,2227.1445813734413,23.018425522644755,1
neuron,ctu13_v2_f0,Synaptic/latency,5,0.9995044795774397,0.00011909594438311875,0.9990090036386109,0.0002382148112066902,0.9995477410558976,0.000100961720242926,0.0005226584308368474,0.00029432828775407947,3408.1271349071912,65.92381927492293,3
neuron,ctu13_v2_f0,LeakyParallel/latency,5,0.9985402953121495,0.001326331565707405,0.9970858635047378,0.0026451775933915202,0.9981307883973486,0.0023596006272333637,0.000787947179822217,0.0008755678853730476,3398.686459314249,49.17240260034564,3
neuron,ctu13_v2_f0,Leaky/latency,5,0.9963341399784822,0.004332314379307828,0.9927213583928175,0.008574169259526655,0.9940566969112877,0.007212302999907404,0.00024153154758369466,9.467067287220235e-05,3116.8621200681964,65.58968106025307,3
neuron,ctu13_v2_f0,Alpha/latency,5,0.9936674369740149,0.0032439526391448365,0.9874191123373773,0.006404872379820944,0.9898772977293028,0.005479782029408218,0.0006176872364435469,0.0002928523538655838,3056.063488385501,12.62308110057574,3
neuron,ctu13_v2_f0,RLeaky/latency,5,0.9821009000084958,0.012762273875535187,0.9649541808080407,0.02455597780530709,0.9718696817262942,0.02191319664481491,0.002623850910362759,0.0028035420807782665,4076.1988705342314,564.6074403295753,3
neuron,ctu13_v2_f0,Lapicque/latency,5,0.9814735390148073,0.011015520445246034,0.9637757022121584,0.021197077118137765,0.9692379295754783,0.018477041181026638,0.0004104716464400493,0.00015302514401815975,3243.800163077945,29.377841886444283,3
neuron,ctu13_v2_f0,SConv2dLSTM/latency,5,0.9774606542270584,0.04289371515458077,0.958506856343105,0.0779225045704768,0.9620271731465376,0.0732194307693272,0.0004738241835111824,0.00035923054830203847,7939.293535359636,725.4245546369807,3
neuron,ctu13_v2_f0,RSynaptic/latency,5,0.9664569338948643,0.01225921236272599,0.93525264289484,0.02319128766923495,0.9440364815946595,0.021073729226748578,0.0006625619502022661,0.0005763770247001109,4284.381858264949,153.72516319341264,3
neuron,ctu13_v2_f0,SLSTM/latency,5,0.9027525201555852,0.03250754434405125,0.8214251902377427,0.051381647391524,0.8418898970429222,0.059747953949485726,0.010335702454250889,0.006007666014681074,12309.17361651425,72.5506953647354,3
neuron,ctu13_v2_f1,RSynaptic/latency,5,0.9114421775005942,0.10896028089364514,0.8284623572477174,0.21580281594979495,0.9026455118755834,0.11247080569846424,0.07631390385993334,0.13533249256621827,4113.939322284587,203.31394229964727,4
neuron,ctu13_v2_f1,RLeaky/latency,5,0.8983941984355603,0.08274639963881188,0.8151287474247602,0.13372050485988632,0.9359826249269497,0.0780263529520615,0.13720468965803712,0.17864132848525552,4259.497982402912,344.19620403492365,4
neuron,ctu13_v2_f1,LeakyParallel/latency,5,0.7702196450852508,0.004063704262570951,0.6219513779972226,0.0046010036371252365,0.9968110809702827,0.0024860490863486593,0.45616166651089857,0.008766661210600607,3083.5630574939323,92.76759052808053,4
neuron,ctu13_v2_f1,Alpha/latency,5,0.7608029544633893,0.003722467170147109,0.6033279604489008,0.011551595658520234,0.9903442741633013,0.007643025673036922,0.4669179725225085,0.0027684040990466844,2884.744277154126,3.2455841771935687,4
neuron,ctu13_v2_f1,Synaptic/latency,5,0.6502408466645663,0.20038984423490666,0.3580645035727902,0.410809606924083,0.7852224654809982,0.3670377538145641,0.46754935252396235,0.0016111203901911703,3119.324719356796,156.0595371138922,4
neuron,ctu13_v2_f1,Lapicque/latency,5,0.6306647026329214,0.1251932117904833,0.2884863934732217,0.26715285434757247,0.7272043751689969,0.2443219879636595,0.4613061673780076,0.003052697843662421,2990.366150257888,23.739953467492086,4
neuron,ctu13_v2_f1,SConv2dLSTM/latency,5,0.5799439794568058,0.2791985819224733,0.18947046034797285,0.5523611169534975,0.580090189887219,0.4324254668045428,0.3921305959687218,0.0855221809694791,7492.5806640625,276.96557376305327,4
neuron,ctu13_v2_f1,Leaky/latency,5,0.5288270757246873,0.1538227180910091,0.07170195991912855,0.2939255263635761,0.5371915532024387,0.27136095517156333,0.4602157907307601,0.0022850777441353843,2878.0697625910193,29.49006866979177,4
neuron,ctu13_v2_f1,SLSTM/latency,5,0.31606889525021364,0.13733670240407475,-0.3331516820127548,0.2553989095898921,0.1808839306741563,0.22830540269640479,0.47031164003032283,0.002625980864782307,11336.347368021845,54.277591087257335,4
