protocol,class,precision,recall,f1_mean,f1_sd,support
cicids2017_v2,dos,0.97987561,0.95043405,0.96490873,0.00685229,18892
cicids2017_v2,normal,0.99794827,0.99937248,0.99865983,0.00024651,523965
cicids2017_v2,probe,0.99985199,0.99440508,0.99712105,0.00016730,21734
cicids2017_v2,r2l,0.98818370,0.93465727,0.96046940,0.01233640,1561
cicids2017_v2,u2r,0.00000000,0.00000000,0.00000000,0.00000000,0
ctu13_v2_f0,botnet,0.99943868,0.99813079,0.99878290,0.00110767,212710
ctu13_v2_f0,normal,0.99739050,0.99921205,0.99829770,0.00154500,151533
ctu13_v2_f1,botnet,0.72236572,0.99681108,0.83767485,0.00185844,114647
ctu13_v2_f1,normal,0.99313932,0.54383833,0.70276444,0.00633410,96297
kddcup99_v2,dos,0.99848859,0.97298210,0.98557001,0.00046548,229855
kddcup99_v2,normal,0.73107118,0.98695559,0.83995428,0.00297405,60593
kddcup99_v2,probe,0.78652395,0.76817091,0.77593082,0.03341483,4166
kddcup99_v2,r2l,0.91252192,0.06066687,0.11357515,0.01003571,16345
kddcup99_v2,u2r,0.55821918,0.38285714,0.43965761,0.06503962,70
nslkdd_v2,dos,0.95515563,0.81989276,0.88199211,0.01570396,7460
nslkdd_v2,normal,0.68206170,0.93516631,0.78870699,0.01753397,9711
nslkdd_v2,probe,0.71485400,0.66864932,0.68874423,0.02623201,2421
nslkdd_v2,r2l,0.91643846,0.16374350,0.27533399,0.06581765,2885
nslkdd_v2,u2r,0.66820513,0.19701493,0.28826891,0.12840741,67
