protocol,level,n_seeds,f1_mean,f1_sd,f1_present_mean,ceiling,mcc_mean
cicids2017_v2,delta,5,0.4980727678700781,0.008699320146612063,0.6225909598375976,0.8,0.7679590417169495
cicids2017_v2,latency,5,0.7842318039546579,0.00297494418156443,0.9802897549433223,0.8,0.9812243516626001
cicids2017_v2,rate,5,0.7276962776167651,0.01531540676379177,0.9096203470209565,0.8,0.9430842490698552
ctu13_v2_f0,delta,5,0.5938109762142924,0.004776667231838956,0.5938109762142924,1.0,0.34609112512909024
ctu13_v2_f0,latency,5,0.9985402953121495,0.001326331565707405,0.9985402953121495,1.0,0.9970858635047378
ctu13_v2_f0,rate,5,0.9875848080637895,0.0017765170375729257,0.9875848080637895,1.0,0.9754193863872338
ctu13_v2_f1,delta,5,0.8825338488914823,0.006687996131377381,0.8825338488914823,1.0,0.7668240309682139
ctu13_v2_f1,latency,5,0.7702196450852508,0.004063704262570951,0.7702196450852508,1.0,0.6219513779972226
ctu13_v2_f1,rate,5,0.7750485450187782,0.0049927216066047286,0.7750485450187782,1.0,0.6250731103205747
kddcup99_v2,delta,5,0.608291065482877,0.036492877996215374,0.608291065482877,1.0,0.8207180799127481
kddcup99_v2,latency,5,0.6309375713404924,0.011926048831580266,0.6309375713404924,1.0,0.8268915867299714
kddcup99_v2,rate,5,0.608879025239483,0.040034035890764194,0.608879025239483,1.0,0.826598934981738
nslkdd_v2,delta,5,0.519700356150743,0.01597256467437715,0.519700356150743,1.0,0.6417099346433718
nslkdd_v2,latency,5,0.5846092469600022,0.027853452759051385,0.5846092469600022,1.0,0.6585150517786766
nslkdd_v2,rate,5,0.5470851950950509,0.029294552026286294,0.5470851950950509,1.0,0.6494185368529493
