dataset,seed,Alpha/delta,Alpha/latency,Alpha/rate,Lapicque/delta,Lapicque/latency,Lapicque/rate,Leaky/delta,Leaky/latency,Leaky/rate,LeakyParallel/delta,LeakyParallel/latency,LeakyParallel/rate,RLeaky/delta,RLeaky/latency,RLeaky/rate,RSynaptic/delta,RSynaptic/latency,RSynaptic/rate,SConv2dLSTM/delta,SConv2dLSTM/latency,SConv2dLSTM/rate,SLSTM/delta,SLSTM/latency,SLSTM/rate,Synaptic/delta,Synaptic/latency,Synaptic/rate
cicids2017,42,0.6211718265317984,0.964793919189243,0.8064650696101598,0.6193219816932939,0.975611142329864,0.8810131935868002,0.64702458660925,0.98557026787667,0.8927744019300023,0.6199590478781966,0.983976469549597,0.8774016220221252,0.6437787107927077,0.9864774020546122,0.8856924094930847,0.5924943018932639,0.975516206076808,0.8810316738093011,0.6240991984712914,0.9791402905338906,0.8132190437605142,0.6499557431443956,0.9853490710729748,0.8705346806989505,0.6245010250178182,0.9829822857326022,0.6615144943770801
cicids2017,43,0.6302413468099088,0.8668914562791832,0.7677295724716006,0.6372499570207146,0.9779404528738472,0.8147614335146554,0.6628849838657094,0.9864749542167676,0.8062731281113642,0.6365120750159181,0.9886814458700892,0.791231711440953,0.6330149690904402,0.9893449886452798,0.7975209278341763,0.6375667140840403,0.9832828753640298,0.8101707913546061,0.6204324454931368,0.9800915544698132,0.7787387115664953,0.6365986098313106,0.9825180426297708,0.8296406967117826,0.6262949743018325,0.9810035096529856,0.7136790391316539
cicids2017,44,0.6187448848573025,0.9671875431404724,0.7835008129696726,0.6204607797621579,0.9775480315129728,0.8573661224405094,0.6199449357027939,0.9867932918825087,0.8729751681059612,0.5429888986699348,0.9854862530822596,0.862196550522136,0.621082171052776,0.9843655890402664,0.8645330997963399,0.6487131516685145,0.9821722168992852,0.8566142936769522,0.6241364228461044,0.9790741681452372,0.8310182453796434,0.5433883971854059,0.9822035404280284,0.8516722624264441,0.6201562941767754,0.9802082032839058,0.6601650070810122
cicids2017,45,0.5931073776926785,0.9656743316249344,0.7764986742437057,0.6251830747436947,0.9773168550916324,0.8535890579791715,0.6207756700770214,0.981650216119302,0.8573396051049071,0.6373094495381284,0.9833361623915432,0.8594648535692405,0.6600335933202073,0.9873855140638662,0.8642221842749593,0.6155349092947182,0.9877409221703688,0.8559463026467906,0.6247572578857669,0.9789470179416364,0.835307425271065,0.6218658977211062,0.9782079306530156,0.8569276390446887,0.6247055905469139,0.9685076760075576,0.6645556510852066
cicids2017,46,0.6308184993320594,0.7893111727752811,0.8118001335194445,0.6604574025474655,0.9774880997374472,0.8810948767311647,0.6232628190302609,0.9842635499733768,0.8888411199053092,0.6263009890605992,0.989515303632794,0.874933034801044,0.6637336588582049,0.9804603304686824,0.8803535809106554,0.6237299810291335,0.9866022370937484,0.882926981061893,0.6327209974957915,0.986807120715132,0.8418658123256255,0.6240496239323321,0.9837184947274998,0.8773791548194076,0.6246882709287023,0.9843278057237704,0.657189744447317
ctu13,42,0.7630044465257011,0.9999073393902288,0.9915759662509358,0.7674325220825772,0.9999452457493404,0.9953907195268784,0.7676753439337648,0.999995788103298,0.997506401901674,0.7682897459235131,1.0,0.9972868526525718,0.7679483288807623,0.999713595010212,0.9975111191414356,0.7679400873017539,0.9999747287370448,0.9973836746658852,0.7682348037626388,0.9999873643333466,0.99645954468023,0.7679442080945325,0.9999915762144136,0.994223316213464,0.7679400873017539,0.999991576198778,0.993424636691394
ctu13,43,0.7670672949831664,0.9999241864925013,0.9922558303021088,0.7667817331499134,0.9999326102155566,0.9958822482323908,0.7666719010455842,0.9999831524288272,0.9968174744279872,0.7677245881432817,0.999991576198778,0.9976418542088694,0.7673961669295865,0.9999073366379956,0.997683420252808,0.7527086902220448,0.999945245546123,0.996447478300454,0.7673115990767634,0.9999831523350048,0.9968665898427564,0.7677204641713673,0.9999536689642696,0.9941440710515216,0.7676256109726279,0.9999831523975556,0.9921389011922148
ctu13,44,0.7679247849501121,0.999928398287599,0.9949430697074788,0.7680583866565891,0.999941033829196,0.9951803634170509,0.7680492611526493,0.9999831524600964,0.9958795142765906,0.7685142850727245,0.9999957880954796,0.9959468343424438,0.7684564037587069,0.9999494571926668,0.9976544072700696,0.7685017581072175,0.9998947002359588,0.9975280145131526,0.7683318208471734,0.999928398420456,0.996102003860982,0.7688254352583155,0.9999873643333466,0.9915675548343116,0.768829560601562,0.9999789405946626,0.9838702722037912
ctu13,45,0.7664008844933964,0.9998736446230392,0.9940142548833044,0.7668738598752782,0.9999326103405936,0.995385919911993,0.7669648146308472,0.9999747287370448,0.9974557470004172,0.7670695035608108,0.999995788103298,0.997532346172507,0.7670571397237473,0.9998989149481792,0.997305095080942,0.6728262342218804,0.9999663050452549,0.9978816787311549,0.766977178022415,0.9999578807593146,0.9968189479529836,0.7674231922787658,0.9999873643098938,0.9930152277839774,0.7670366158635963,0.999995788103298,0.9930174213410596
ctu13,46,0.767950639179418,0.9999536690502768,0.9945557045055436,0.7681682825512787,0.9999578809157036,0.995764101727496,0.7681311758096885,0.999991576198778,0.9972912406691906,0.7685938762075717,1.0,0.9968865014826888,0.7676990744955754,0.9999199729225898,0.9959680026067124,0.7688497373245851,0.9999578809157036,0.9975947519586704,0.7675676977984716,0.9999663046700098,0.9962359751940836,0.7686950049686809,0.999970516613626,0.9936981992101408,0.7688034739719523,0.9999915762144136,0.9952029963993954
kddcup99,42,0.5241621521807305,0.5558066720273058,0.5432311691245543,0.6271233124179035,0.6251808467646901,0.6155828581123657,0.614135353787776,0.6356656814536858,0.6236273309370752,0.6237271361938702,0.6247557174791901,0.5923365097844242,0.5239448384562515,0.5361026015822854,0.5875725261096031,0.6196297432065644,0.5772674551162448,0.5883566235736444,0.6186057466335948,0.6318619653291726,0.6045718615264,0.6231282044779519,0.6088345778759128,0.5967553374056924,0.5291245948112042,0.6334283417812785,0.5583874562089276
kddcup99,43,0.5288446661767934,0.5371283355460486,0.5442953608325031,0.6392558162175169,0.5921109397570052,0.627833715675717,0.6044109330028311,0.6001301084647608,0.6404639382519977,0.6154534314859029,0.6090351493618936,0.6124987981217225,0.6357671719819702,0.5458033498760473,0.6343917434422591,0.6059153369299624,0.6256038075628072,0.6193724359586325,0.6346135104772339,0.6454662176659479,0.6022548227248802,0.5265421860816878,0.6199310324645232,0.6441525217993928,0.6209957839147353,0.6195357940735605,0.530685169708583
kddcup99,44,0.5311861234728849,0.5484622536050523,0.5390974415197237,0.5993445969970927,0.6216290830771566,0.6109604714493503,0.5824844349247214,0.6435716181197453,0.6222621360940346,0.5842357524922757,0.6203419116997214,0.6103281587592371,0.5858079161110573,0.5370949055419777,0.6276496270544573,0.6457555660242839,0.6340581411491952,0.6308583992144874,0.5795870126725339,0.627902805402636,0.6355689277528771,0.6215331625223989,0.6057599047276563,0.6272935773483145,0.5927130654389747,0.6264087379779386,0.5253236822429116
kddcup99,45,0.5194449621815084,0.5448003395283385,0.5402465374816479,0.6173832137053561,0.6141828314045658,0.6176698418109231,0.6020403051140398,0.6440880211139163,0.5929559107948859,0.6326413438213361,0.6198183634041836,0.6212524201220553,0.5937368737485484,0.6185609185754016,0.595674944397172,0.6360852330038151,0.6047432557451196,0.6366317769374579,0.5964824093553076,0.6198149700822523,0.5984315817425114,0.6410027127023092,0.5906943325908841,0.6077413245093921,0.5556545249404591,0.5779549760208118,0.5377476378351662
kddcup99,46,0.5273051185239173,0.5401443763828429,0.5425392451356668,0.5906355795453124,0.5749178947594508,0.6053415999903957,0.5918849186160865,0.6450106686585781,0.6151480759151297,0.6137692900079633,0.6253566809858994,0.6439466794269315,0.5283389804218992,0.5626161486101922,0.6044148989531435,0.6386773460123767,0.5475146650361757,0.5712582951632483,0.5585022483635493,0.6010559543110398,0.577892721902727,0.6484917042633768,0.6263886350580962,0.626758435408653,0.5777104440027476,0.5860812055470791,0.5607809606107779
nslkdd,42,0.4630602827268051,0.46092022351808,0.4844490823357129,0.4630633102692933,0.4791631464299327,0.5462483269258618,0.5392166712243975,0.5503121061199938,0.6006446933895078,0.4982245963792445,0.5706123737906845,0.5852868440206265,0.4822872215642608,0.4829384315535905,0.513425126021288,0.5046257831778554,0.5396510009887089,0.5298545420287347,0.4714278652598461,0.5539881011101621,0.5665719564765891,0.4971516376256619,0.5593827224302526,0.5626273044847618,0.4573510463856753,0.5955475180658801,0.5095394143728282
nslkdd,43,0.4654522488365242,0.4724029851141725,0.4818442044378214,0.4889452120874248,0.4872187503548607,0.5354705754849012,0.5755575654989562,0.5889920912515259,0.5829680517416367,0.545546190982825,0.619125995808347,0.5990503889378569,0.4624411283790791,0.5184336760098648,0.5712512875269871,0.5322485316892502,0.5467510516238981,0.5320883122686262,0.514332521693618,0.5790522475321405,0.511379157148498,0.5683392452951289,0.6036329475394524,0.5421365682682632,0.5486433464525667,0.5579061498789517,0.5844416374231802
nslkdd,44,0.4580519201570537,0.4684884717392631,0.4838071354090766,0.4756930499493121,0.4805658954819991,0.5284790943448112,0.5471234756362643,0.5698039447856404,0.6031647116629868,0.510013102257021,0.5894320478391284,0.5877438733336406,0.4573440079736738,0.4990535725928627,0.5570446306802921,0.5793690128790439,0.528940648249305,0.5975593604489705,0.5058284147918305,0.5695628227171003,0.594667350692928,0.5308211385364512,0.5848640618519116,0.5772365983687827,0.5396874042399151,0.6010409010271272,0.5092784076233172
nslkdd,45,0.4660863761547343,0.4714743051074505,0.4844749831747649,0.4709510551034729,0.4791553573711742,0.5215402053711834,0.5666152140557755,0.5938242627651287,0.5464523915296036,0.5447613231102226,0.6057476379259382,0.5942357243793659,0.4751600972712466,0.4811227622278241,0.5966500599429964,0.5399227074960009,0.4787082991867809,0.5166459063804346,0.5007736519976895,0.5809150570966916,0.4960951285275613,0.5522367457800744,0.5873257881629881,0.527126193332009,0.51317156889758,0.5769407928420869,0.5238949785480663
nslkdd,46,0.4545111381095743,0.4564116587623377,0.4803857421630756,0.4783676102462433,0.478012715028268,0.5296524384650384,0.582192171010055,0.5678845887511798,0.5482063631332764,0.5114688182074197,0.5800519549226679,0.5397905263788596,0.4716966177130104,0.4646754244653225,0.5087500794426416,0.581711676451007,0.5257441928546739,0.5458072490380669,0.5307565351543729,0.5628378029689431,0.5536323983018687,0.5750469126611598,0.5507246626269277,0.5568650434861636,0.5400482303487054,0.5704469993104841,0.4603361493075782
