variant,mean_rank,median_rank,sd_rank,best_block_count
LeakyParallel/latency,4.025,2.5,4.150063411056447,7
Leaky/latency,4.4,3.0,4.405737885506749,3
SConv2dLSTM/latency,6.15,6.0,2.6212692787233722,1
Synaptic/latency,6.525,5.0,5.199886132356523,0
SLSTM/latency,7.0,5.5,5.03670736221905,0
Leaky/rate,9.65,10.0,4.463595435355485,2
RSynaptic/latency,10.175,8.5,6.691068280688974,1
LeakyParallel/rate,10.55,12.0,4.718106221333881,0
RLeaky/rate,11.65,11.0,4.120232492162752,0
RSynaptic/rate,11.95,12.0,4.442320398881174,0
SLSTM/rate,12.3,13.0,4.612340426565055,0
Lapicque/latency,12.525,8.0,7.043987731242492,0
RLeaky/latency,12.95,9.0,8.666177449080266,2
Lapicque/rate,13.3,14.5,2.5360557855395096,0
SConv2dLSTM/rate,13.55,15.0,4.904079934095691,0
SLSTM/delta,16.25,19.0,8.051642526119814,1
RSynaptic/delta,16.375,18.0,8.92494287170276,1
Alpha/latency,16.95,19.5,8.016266357587519,0
LeakyParallel/delta,17.6,19.0,5.93295878967653,0
Leaky/delta,18.1,19.5,7.390605701265557,1
Synaptic/rate,18.8,18.0,4.8839155990810665,0
Alpha/rate,19.6,18.5,3.2346804934547775,0
Synaptic/delta,19.975,21.5,4.846254658035039,0
Lapicque/delta,20.0,22.0,6.782329983125268,0
SConv2dLSTM/delta,20.2,21.5,5.011565571124877,0
RLeaky/delta,21.7,21.5,4.878524367060187,0
Alpha/delta,25.75,26.0,1.332784974957958,0
