variant,f1_macro,energy_spikes_per_sample,neuron,encoding,pareto,mean_rank,median_rank,sd_rank,best_block_count
LeakyParallel/latency,0.7997628310070747,329.28426838500826,LeakyParallel,latency,True,4.025,2.5,4.150063411056447,7
Leaky/latency,0.7981981884740412,208.54973410819298,Leaky,latency,True,4.4,3.0,4.405737885506749,3
SConv2dLSTM/latency,0.7938170598269964,1334.0453867188448,SConv2dLSTM,latency,False,6.15,6.0,2.6212692787233722,1
Synaptic/latency,0.7921130965217363,155.44481972958266,Synaptic,latency,True,6.525,5.0,5.199886132356523,0
SLSTM/latency,0.7924713117637723,349.62811043399665,SLSTM,latency,False,7.0,5.5,5.03670736221905,0
Leaky/rate,0.763952370244177,222.71781706660914,Leaky,rate,False,9.65,10.0,4.463595435355485,2
RSynaptic/latency,0.7762017917798618,617.3497875242073,RSynaptic,latency,False,10.175,8.5,6.691068280688974,1
LeakyParallel/rate,0.761849604223965,361.7323213184839,LeakyParallel,rate,False,10.55,12.0,4.718106221333881,0
RLeaky/rate,0.7537634585116011,218.43380465810242,RLeaky,rate,False,11.65,11.0,4.120232492162752,0
RSynaptic/rate,0.7520979270865582,246.120214355526,RSynaptic,rate,False,11.95,12.0,4.442320398881174,0
SLSTM/rate,0.7560747853603057,262.01087406563573,SLSTM,rate,False,12.3,13.0,4.612340426565055,0
Lapicque/latency,0.7658875711512628,283.46568558185606,Lapicque,latency,False,12.525,8.0,7.043987731242492,0
RLeaky/latency,0.7586912446009859,620.0272493830141,RLeaky,latency,False,12.95,9.0,8.666177449080266,2
Lapicque/rate,0.7502103582349329,487.52261156233317,Lapicque,rate,False,13.3,14.5,2.5360557855395096,0
SConv2dLSTM/rate,0.7411849103315611,834.591172000131,SConv2dLSTM,rate,False,13.55,15.0,4.904079934095691,0
SLSTM/delta,0.6350380113266206,104.99314863758323,SLSTM,delta,True,16.25,19.0,8.051642526119814,1
RSynaptic/delta,0.6366403251008655,799.5572977670978,RSynaptic,delta,False,16.375,18.0,8.92494287170276,1
Alpha/latency,0.7304742641091826,131.3206688263482,Alpha,latency,True,16.95,19.5,8.016266357587519,0
LeakyParallel/delta,0.629155172200438,100.27873001556698,LeakyParallel,delta,True,17.6,19.0,5.93295878967653,0
Leaky/delta,0.6408523267364237,117.7144507629514,Leaky,delta,True,18.1,19.5,7.390605701265557,1
Synaptic/rate,0.680758682891573,1036.549707150758,Synaptic,rate,False,18.8,18.0,4.8839155990810665,0
Alpha/rate,0.7018854995039251,260.88780504233694,Alpha,rate,False,19.6,18.5,3.2346804934547775,0
Synaptic/delta,0.6217840756558048,131.46412653922476,Synaptic,delta,False,19.975,21.5,4.846254658035039,0
Lapicque/delta,0.6225375368310946,201.96089783564366,Lapicque,delta,False,20.0,22.0,6.782329983125268,0
SConv2dLSTM/delta,0.6237739669049565,1482.0138771528602,SConv2dLSTM,delta,False,20.2,21.5,5.011565571124877,0
RLeaky/delta,0.6138362535261856,923.8184090986713,RLeaky,delta,False,21.7,21.5,4.878524367060187,0
Alpha/delta,0.5932268486938034,109.27808272983557,Alpha,delta,False,25.75,26.0,1.332784974957958,0
