dataset,variant,accuracy_mean,accuracy_std,accuracy_count,f1_macro_mean,f1_macro_std,f1_macro_count,matthews_corrcoef_mean,matthews_corrcoef_std,matthews_corrcoef_count,cohen_kappa_mean,cohen_kappa_std,cohen_kappa_count,detection_rate_mean,detection_rate_std,detection_rate_count,false_alarm_rate_mean,false_alarm_rate_std,false_alarm_rate_count,balanced_accuracy_mean,balanced_accuracy_std,balanced_accuracy_count,energy_spikes_per_sample_mean,energy_spikes_per_sample_std,energy_spikes_per_sample_count,inference_ms_per_sample_mean,inference_ms_per_sample_std,inference_ms_per_sample_count
cicids2017,Alpha/delta,0.9394990479532467,0.005708158917179365,5,0.6188167870447495,0.01533856882011434,5,0.813751217979932,0.01752236044652514,5,0.8093453110467216,0.019648369526115428,5,0.7893265747725561,0.05921493907820516,5,0.02310739094539162,0.01406768497332035,5,0.5869446444036571,0.015193074968431614,5,161.14957531767274,6.005247068745102,5,0.14905508453034105,0.02406208895087583,5
cicids2017,Alpha/latency,0.9953873128730617,0.0006776490921084873,5,0.9107716846018228,0.08030190213411516,5,0.9861457930786364,0.0020497173445026187,5,0.9861292513464013,0.002067553664682232,5,0.9846760792377491,0.004508435732497577,5,0.00181543826410074,0.00043388687570226886,5,0.8906396359059141,0.07598776162242846,5,154.70060914506556,4.4160085029780864,5,0.13632082592900102,0.015205988835298959,5
cicids2017,Alpha/rate,0.9882640955320333,0.000253597535575132,5,0.7891988525629167,0.019128723978507678,5,0.9645631634867131,0.0007806943062798437,5,0.964425634167046,0.000806770617278196,5,0.9566870300190085,0.002331589254140387,5,0.0038300174944898603,0.00035529261417504334,5,0.7615577413477993,0.015370027758445487,5,312.3717664264863,10.85681370471634,5,0.13349565665916335,0.014624163491662847,5
cicids2017,Lapicque/delta,0.94241606739337,0.002837546063657607,5,0.6325346391534653,0.017148708662596247,5,0.8217727549166242,0.011747746677960023,5,0.814899283580805,0.01778458925953558,5,0.7751479431420135,0.06691837483289104,5,0.016005185290550738,0.012241404591561774,5,0.596486443190867,0.02924478563431605,5,330.1814955553488,12.984634856628565,5,0.10523472467689174,0.037852202149578046,5
cicids2017,Lapicque/latency,0.9969042289245582,0.00031744775952932837,5,0.9771809163091527,0.0009067387610602758,5,0.9907170702845456,0.0009608502103689672,5,0.9907138410304148,0.0009639956667599482,5,0.9911210204789173,0.0025185807417396266,5,0.00158139630372072,0.00024230614827467227,5,0.9641867492581818,0.0009052984623972836,5,403.71999745649845,33.72622782864851,5,0.10962314443035641,0.05045835012191194,5
cicids2017,Lapicque/rate,0.9905838631313566,0.0005061997777862866,5,0.8575649368504603,0.027163697523302596,5,0.9716590675891273,0.0015632596427394227,5,0.9715968211488549,0.0016232127074025055,5,0.9683933673652373,0.005960477331630394,5,0.0038517206336729794,0.0009181080421706467,5,0.8299446904395713,0.03587561734218335,5,403.9982899662397,20.6660522109866,5,0.10690167589876116,0.05751976780688285,5
cicids2017,Leaky/delta,0.9415866032832365,0.0030333212000095595,5,0.6347785990570072,0.019291616419403527,5,0.8184282038161731,0.01229100752655622,5,0.8091658914715651,0.01749177868538759,5,0.7527490525661411,0.06192676036685485,5,0.01181383985722848,0.010950252157286152,5,0.5966836233963718,0.031560486023213735,5,110.66857280125478,18.865020558738248,5,0.10262386022275789,0.05268313085252358,5
cicids2017,Leaky/latency,0.9975862641496992,0.00020945843876372526,5,0.984950456013725,0.0020897206048184603,5,0.9927682317081272,0.0006331338722432497,5,0.9927667681087285,0.000633848646865509,5,0.9939244683013138,0.0018525363433123838,5,0.00145293718260986,0.00027308344652854995,5,0.9797797907208384,0.0052773080479442975,5,258.4814393863567,11.480584113330629,5,0.10042463434252176,0.0649526551156646,5
cicids2017,Leaky/rate,0.9916559019244652,0.0007248904185958854,5,0.8636406846315088,0.03500609999573257,5,0.974911063987496,0.002222143972178629,5,0.974866814657909,0.0022681163885685672,5,0.972956591390008,0.0066055593759661285,5,0.0036431945261163,0.0008225536201630949,5,0.84482822624664,0.051619932255519495,5,205.17594177265573,18.91069025864222,5,0.08262901873894368,0.03780490607066625,5
cicids2017,LeakyParallel/delta,0.9430137902529724,0.0035179827213281346,5,0.6126140920325553,0.039591417474037695,5,0.8236817150421624,0.01392296454911622,5,0.816628996677205,0.020272119772762113,5,0.7766040623094672,0.0709323026715822,5,0.01562186092687064,0.012346922161833083,5,0.5803063643402913,0.03548325229256697,5,81.93111561980776,15.722322506633345,5,0.0859534398930775,0.05496952627581627,5
cicids2017,LeakyParallel/latency,0.997631010935879,0.00033545563411379383,5,0.9861991269052567,0.002775062888764559,5,0.9929010490504112,0.0010145827537961143,5,0.9928960654760463,0.0010194196495610464,5,0.993307590230373,0.0033588198148798492,5,0.00125262307366304,0.00046094323381026104,5,0.9807664381244751,0.007306125933944127,5,353.10933759448346,16.93011522797955,5,0.07300666321935202,0.03964555788512951,5
cicids2017,LeakyParallel/rate,0.9907190455275,0.0011839368775284369,5,0.8530455544710998,0.035419553715204104,5,0.9720870563414635,0.003630461639072063,5,0.9720131784361923,0.003729538189477958,5,0.9695159419943333,0.010147616327994519,5,0.00395173104531404,0.0011328305438473411,5,0.8372649265757559,0.05058071122951957,5,343.0952798028315,38.78612753517766,5,0.07792579677857764,0.0519221481919755,5
cicids2017,RLeaky/delta,0.9436108065843719,0.004080886281603411,5,0.6443286206228672,0.017971506654788333,5,0.8268281607385857,0.015996712741085304,5,0.8221710093363601,0.022312404682526907,5,0.8029194113357324,0.07358065342168978,5,0.02107404143246578,0.012255733995271832,5,0.6156005320172314,0.02953023660213869,5,749.3781758148331,259.9432460794527,5,0.13309879997372068,0.05212738269907274,5
cicids2017,RLeaky/latency,0.9977228596022482,0.00024824941950495007,5,0.9856067648545415,0.003388310024309891,5,0.9931830747055349,0.0007470381285459655,5,0.9931814624139879,0.0007468307592217771,5,0.9951928939471829,0.0016531404690608197,5,0.0015746507334340799,0.0002527992284557384,5,0.9850867398285759,0.004653627160427313,5,332.07264358125013,30.4152638809596,5,0.1460978995172752,0.04682782183744379,5
cicids2017,RLeaky/rate,0.9914517152738445,0.00026660792819179375,5,0.858464440461843,0.03537155897924322,5,0.9742866007118327,0.0007450070546982825,5,0.9742354861496624,0.0007285363933242663,5,0.9712972371991823,0.004060253147370245,5,0.0034865799812003203,0.0012313325406884598,5,0.8346657692459744,0.03983918461406358,5,338.75125332215447,47.98140962521296,5,0.12350214029476311,0.05405503559670894,5
cicids2017,RSynaptic/delta,0.9390951493306234,0.004285137024428408,5,0.6236078115939341,0.021554385990941064,5,0.8114680320869221,0.014446316934011326,5,0.8035413185264156,0.01918722811876405,5,0.7613494805551903,0.06852951856972433,5,0.0170246462608277,0.014767103032285669,5,0.5886396833088431,0.03027473905101756,5,536.1312369071493,183.7943434615067,5,0.1558706934788172,0.04926722497987175,5
cicids2017,RSynaptic/latency,0.9973161348668136,0.0004192723867123997,5,0.983062891520848,0.004801174158638396,5,0.9919541036582373,0.001263719214015777,5,0.9919518927686128,0.0012659897041108236,5,0.992552034143484,0.0024397687312587017,5,0.0014142234748778198,0.0001756705237584055,5,0.9764493382823778,0.00916251653749992,5,261.7077636851569,31.24689996183834,5,0.12781941553522863,0.04570668656168102,5
cicids2017,RSynaptic/rate,0.9914347585969763,0.0005842285274150851,5,0.8573380085099085,0.029340212482743665,5,0.9742217046265642,0.001776356482684612,5,0.9741660984771459,0.0018238744899356997,5,0.9706313436226045,0.005074597791567058,5,0.00335284171812602,0.0006501882569595815,5,0.8328917925129348,0.04051394336957934,5,248.92798146069995,8.076374359311007,5,0.13721752738465479,0.06096441613684526,5
cicids2017,SConv2dLSTM/delta,0.9411412550060467,0.00262417246967913,5,0.6252292644384182,0.004522987901223175,5,0.8167572694525104,0.010618712468597939,5,0.807385197055226,0.015879266707601168,5,0.7493036211699164,0.057394713576708396,5,0.01152524676322606,0.01022979833837304,5,0.5836906353413909,0.012928752324591772,5,2961.879032480279,980.2573615240241,5,0.1390228953727108,0.048684375118995676,5
cicids2017,SConv2dLSTM/latency,0.9974345960954896,0.00019180032227538607,5,0.980812030361142,0.003382060921941253,5,0.9923075525579469,0.0005765137834887798,5,0.9923055253911492,0.0005772967041500845,5,0.9924169426279483,0.001027066128609287,5,0.0012350259337848399,0.00015279873513845713,5,0.9736836096875814,0.005702839747606352,5,2062.8536431538005,371.8612717162588,5,0.1218509383665413,0.051797429810847694,5
cicids2017,SConv2dLSTM/rate,0.9871911147013211,0.000669249596948342,5,0.8200298476606687,0.025408185613278275,5,0.9614459283426943,0.001867974708955664,5,0.9613345435356223,0.001883476682858252,5,0.9585185362296317,0.00843053694177914,5,0.005643696044602841,0.0024460924667488405,5,0.8007360323245548,0.028416447315301716,5,1020.4421194433029,180.5213272077684,5,0.12468220084604202,0.03968849292922533,5
cicids2017,SLSTM/delta,0.941329191508002,0.0031650632935707568,5,0.6151716543629101,0.04166987671516779,5,0.817345634236738,0.012270850228834906,5,0.8079771220783396,0.017593594523120315,5,0.7500137482515811,0.05915615403515408,5,0.0114683493442865,0.010102547714891292,5,0.5807223611760544,0.035747812512461626,5,68.8148074180751,2.1377106729285837,5,0.1438930867302736,0.04194363655914343,5
cicids2017,SLSTM/latency,0.9967605681899807,0.0005191386616383415,5,0.9823994159022579,0.0026486516697104045,5,0.9902872266757692,0.0015668053967529583,5,0.9902821130922084,0.0015716146381562128,5,0.9906392339235118,0.0034255772989486423,5,0.00167612757339836,0.00046227510250121303,5,0.972605224375959,0.0054302892189226895,5,445.3215963298215,15.528248797738762,5,0.11440013102262003,0.04034696853060667,5
cicids2017,SLSTM/rate,0.9890563491568173,0.000739719151374984,5,0.8572308867402547,0.01854152427336406,5,0.9670479244044856,0.0022856097819627472,5,0.9669670956450259,0.0024039142676693425,5,0.963789496335792,0.00817278511338268,5,0.004638019500563821,0.0011189719664661576,5,0.8297567194692659,0.0275578668236226,5,250.0104076314466,11.01989558520759,5,0.1337543282525633,0.03909471811734023,5
cicids2017,Synaptic/delta,0.9404448537074479,0.0004987794994610966,5,0.6240692309944085,0.0023043229921334073,5,0.8135869209058543,0.00153824877800735,5,0.8019520107880691,0.0023851486516207224,5,0.7252609179050056,0.005762049296101305,5,0.006755835284904981,0.0008991244753854279,5,0.5787300427164844,0.0030817535030845697,5,131.80482464558776,100.34637870936591,5,0.1288674523700053,0.05036712299121038,5
cicids2017,Synaptic/latency,0.9971270208178534,0.0006366056965022001,5,0.9794058960801643,0.0063044235306270015,5,0.9913853634210155,0.0019209469932114482,5,0.9913765756169735,0.001932045022132638,5,0.9912513299939029,0.0046521674746517775,5,0.00132946391779782,0.0005035410378699472,5,0.9680527298670661,0.011146972475225754,5,167.63460999054428,31.201470118303654,5,0.12353864093233269,0.05056735726743202,5
cicids2017,Synaptic/rate,0.9825638259915241,0.003344120650192509,5,0.671420787224454,0.02377098941779082,5,0.9470388919524645,0.010281283780391814,5,0.9462266650824518,0.010696595797800407,5,0.9236087367150049,0.018594132804604847,5,0.00282375437912152,0.0010276684281383633,5,0.6389500032952902,0.02420316419660945,5,1199.6116563022904,379.65817682445726,5,0.1165370540768996,0.044834811010938676,5
ctu13,Alpha/delta,0.7665798452192727,0.002013597546810334,5,0.7664696100263588,0.0020420755375167208,5,0.5600476283345253,0.0031282208588389823,5,0.5409162016104562,0.0037118120564938323,5,0.6710726332358894,0.004177737451742472,5,0.11426166651080143,0.0013579125036322682,5,0.778405483362544,0.0017650374385491027,5,81.00067737372056,23.33757772682522,5,0.22015429876346088,0.04861533009548811,5
ctu13,Alpha/latency,0.9999184488641092,2.92144290281635e-05,5,0.999917447568729,2.957279318307203e-05,5,0.9998348992100867,5.914289650592804e-05,5,0.999834895137853,5.914558602488602e-05,5,0.999892062064313,4.758434974321945e-05,5,4.8629944823716455e-05,1.672920959506062e-05,5,0.9999217160597447,2.7160224622295215e-05,5,137.45266122992427,6.277894504927952,5,0.22143761469042716,0.04381474025237887,5
ctu13,Alpha/rate,0.9935424814845636,0.0014623560707536078,5,0.9934689651298744,0.0014753362801019298,5,0.9869754976526913,0.0029090611231025443,5,0.9869382238726503,0.0029503238138456375,5,0.9908987332283937,0.003615399807798056,5,0.0031590760310482996,0.0012480756996369646,5,0.9938698285986727,0.001197008800143972,5,202.24757426978448,8.093287902610063,5,0.20799455740313527,0.04357584737642856,5
ctu13,Lapicque/delta,0.767561787467754,0.0006457606984858478,5,0.7674629568631273,0.0006449899707966402,5,0.56165810367318,0.0013832654463742837,5,0.5427505352620388,0.001283541399374606,5,0.6728236264148115,0.0007326552881055894,5,0.1142392219208828,0.0011048048735284185,5,0.7792922022469643,0.0006704227739405067,5,175.9337330448531,12.915661067816682,5,0.16621370467130184,0.03782599771921829,5
ctu13,Lapicque/latency,0.9999425813430973,1.0360239325931776e-05,5,0.9999418762100781,1.0487242181892406e-05,5,0.9998837552086706,2.0972811679521408e-05,5,0.9998837524203301,2.0974484248607934e-05,5,0.9999205456862305,2.9319552080894044e-05,5,2.9926119891517817e-05,1.5366760240489094e-05,5,0.9999453097831694,8.194583931379317e-06,5,210.96372805192647,17.91827331620623,5,0.15852081405647261,0.045690662460305224,5
ctu13,Lapicque/rate,0.9955729383373555,0.0002890613977884309,5,0.9955206705631617,0.00029191227542273314,5,0.991051234242159,0.0005788589121514406,5,0.991041386283723,0.0005837996866231099,5,0.9940963945731205,0.0008217204625404056,5,0.0025848686056298203,0.0004522208146433235,5,0.9957557629837452,0.00023006108159030577,5,581.3240359490721,46.92921572111393,5,0.15499490285719292,0.03187149132196566,5
ctu13,Leaky/delta,0.7676042273445951,0.000647230824453603,5,0.7674984993145068,0.000652490653003669,5,0.5620264652844391,0.001132316307007458,5,0.5429041514023975,0.0012241476526778853,5,0.6722254703545462,0.0011157077077775014,5,0.11339754979893386,0.0005441254179953207,5,0.7794139602778062,0.0006013996474294142,5,124.71115003744694,42.60233095458769,5,0.15470302550360376,0.03339667743253155,5
ctu13,Leaky/latency,0.9999858533743863,8.110838266510302e-06,5,0.999985679585609,8.210452876733105e-06,5,0.9999713595756793,1.642043618821219e-05,5,0.9999713591712265,1.6420905741866988e-05,5,0.9999775129300652,1.5900759639883976e-05,5,3.7407649864397262e-06,5.1222534134963625e-06,5,0.9999868860825394,7.227942317965889e-06,5,156.35499459099609,13.17556919731654,5,0.1472953904078825,0.03605767494069211,5
ctu13,Leaky/rate,0.9970258800033287,0.0006709391990229924,5,0.996990075655172,0.0006777316429643008,5,0.993987239287959,0.001346040345751942,5,0.993980177549784,0.0013554250369804597,5,0.9965864627838993,0.0022554592176215397,5,0.00242588609370612,0.001446732092950194,5,0.9970802883450967,0.0004945806880472203,5,267.00926354331364,11.297294698781528,5,0.14503977685023473,0.04131287266630719,5
ctu13,LeakyParallel/delta,0.7681368061912291,0.0006372980285826549,5,0.7680383997815803,0.0006394203203247895,5,0.5628215078376422,0.0012404637922223086,5,0.5438800448819915,0.0012363926271726068,5,0.6733573195412638,0.0008714299743504032,5,0.11361264378565412,0.0007671304879002764,5,0.7798723378778047,0.0006271584483411774,5,69.9487342930848,34.157291806322775,5,0.12835691958663362,0.03379566353122712,5
ctu13,LeakyParallel/latency,0.9999966713822086,3.4811518121311376e-06,5,0.999996630479511,3.523928876994447e-06,5,0.9999932609732142,7.047853513425305e-06,5,0.9999932609590221,7.047857754101686e-06,5,0.9999970017240086,4.105558485212788e-06,5,3.7407649864397262e-06,5.1222534134963625e-06,5,0.999996630479511,3.5391734261337443e-06,5,368.1253565781809,72.62489722891516,5,0.12416325105925985,0.0402244131718154,5
ctu13,LeakyParallel/rate,0.9970941166680536,0.0006786307533202284,5,0.9970588777718161,0.0006859957311694965,5,0.9941240293371537,0.0013640151140291868,5,0.9941177781950465,0.001371958053650337,5,0.9968832921070385,0.002058078153529985,5,0.0026428504629195998,0.0018194409482018288,5,0.9971202208220593,0.000606823058992791,5,282.8521036864442,26.493406167362068,5,0.11474798094108293,0.03874845705111586,5
ctu13,RLeaky/delta,0.7678130981110094,0.0005310113744676208,5,0.7677114227576757,0.0005335602609502205,5,0.5622905527562804,0.0010234248843931871,5,0.5432749616098748,0.001023351808645108,5,0.6727771531369463,0.0009232396038481524,5,0.11361638455064058,0.0008323727466588354,5,0.7795803842931528,0.0005167668264733007,5,852.2826620620788,253.1229938857897,5,0.1532261490851598,0.029974171464201144,5
ctu13,RLeaky/latency,0.9998793376050594,9.266479758399918e-05,5,0.9998778553423288,9.38014206165892e-05,5,0.9997557162542344,0.00018760051408164393,5,0.999755710685502,0.00018760284025128192,5,0.9998980586162955,0.000125045543639278,5,0.00014401945197787795,7.58600946064242e-05,5,0.9998770195821589,8.949746587138444e-05,5,722.4069310143963,143.06148963911747,5,0.15531477996014786,0.05338602325442684,5
ctu13,RLeaky/rate,0.9972580510942832,0.0007087799486958071,5,0.9972244088703934,0.0007181329640848228,5,0.9944505782769717,0.001435052062944942,5,0.9944488232754735,0.001436260478355549,5,0.9973030507458212,0.0005498843481244667,5,0.00279809220985686,0.0018217083807176714,5,0.997252479267982,0.0008090100688681969,5,132.7909020554215,5.288180138064269,5,0.15634727684364463,0.043170636748277945,5
ctu13,RSynaptic/delta,0.7489256886078056,0.03582570333670299,5,0.7461653014354963,0.04156042872839028,5,0.5463213315598698,0.027283669310299317,5,0.5110965862144254,0.06035945560602559,5,0.6204467431227044,0.10316778471143431,5,0.09077901430842604,0.04861168583329323,5,0.7648338644071392,0.027524022568319557,5,887.5301464591828,109.00683808082893,5,0.16473717386754105,0.033641959864417606,5
ctu13,RSynaptic/latency,0.9999484064242324,3.121965795505215e-05,5,0.999947772096017,3.1604290542614386e-05,5,0.9998955488609462,6.320130098938766e-05,5,0.9998955441924569,6.320858028286291e-05,5,0.9999580241361217,2.4056377386760478e-05,5,6.359300476945864e-05,9.314429700165646e-05,5,0.9999472155656761,3.716618292370375e-05,5,944.6547332944995,79.24379929471003,5,0.16775404840516817,0.03262170002143794,5
ctu13,RSynaptic/rate,0.9973986851959724,0.000539381176049289,5,0.9973671196338634,0.0005450892021688495,5,0.99473891682134,0.001082891954732568,5,0.9947342546332927,0.0010901523390952276,5,0.9971996102241212,0.0018126525034323241,5,0.00235294117647052,0.001429720549097692,5,0.9974233345238254,0.00043877241428931046,5,153.00148040276275,18.57343043094308,5,0.1555189489574294,0.04399841466538556,5
ctu13,SConv2dLSTM/delta,0.7677856370142299,0.000579062312687569,5,0.7676846199014925,0.0005862722642435627,5,0.5622051477512053,0.0009068762299390007,5,0.543213709239309,0.00106811080095955,5,0.6728191290008245,0.0012421536649212118,5,0.11373047788272699,0.0005263473678652498,5,0.7795443255590488,0.000507599760629388,5,1102.2496446700509,943.5794471329398,5,0.16177606412016668,0.03428736151630511,5
ctu13,SConv2dLSTM/latency,0.9999650495131898,2.3278024017149827e-05,5,0.9999646201036263,2.3563798732274936e-05,5,0.9999292416121761,4.712605529664607e-05,5,0.9999292402073305,4.7127597347114974e-05,5,0.9999685181020913,4.186864566004339e-05,5,3.9278032357617134e-05,2.836575495764164e-05,5,0.999964620034867,2.1907180963774858e-05,5,1297.9821269867687,420.0454886360215,5,0.15006282201193827,0.040506766846794336,5
ctu13,SConv2dLSTM/rate,0.9965382374968794,0.0003382403307704529,5,0.9964966123062071,0.0003412496098490749,5,0.9930001461515123,0.0006783013394492259,5,0.9929932498047706,0.0006824823822404155,5,0.9959118506858555,0.0017669457563419591,5,0.002680258112784,0.001574660458250602,5,0.9966157962865356,0.0002134562540377289,5,1008.9155196804528,265.6659792273449,5,0.15946242776956276,0.04669212621048643,5
ctu13,SLSTM/delta,0.7682158608637764,0.0006094217634676835,5,0.7681216609543323,0.0006132553498740706,5,0.562802434907691,0.0011411288190688756,5,0.5439907657291944,0.0011644580678427856,5,0.6738370436998726,0.001179477245853406,5,0.1140334798466286,0.0009957613207451886,5,0.779901781926622,0.0005822660110984542,5,66.33431388865773,5.55890936568562,5,0.14777337710194924,0.02420457768736552,5
ctu13,SLSTM/latency,0.9999783639843555,1.5678991163664857e-05,5,0.9999780980871099,1.5871727241751253e-05,5,0.9999561964012875,3.174337539847048e-05,5,0.9999561961742259,3.174345447758814e-05,5,0.9999805112060566,6.7043489319567475e-06,5,2.431497241185822e-05,3.00136660167983e-05,5,0.9999780981168224,1.7051946044838354e-05,5,382.88854040109845,48.771963443179914,5,0.1415759300723333,0.02506672127582404,5
ctu13,SLSTM/rate,0.9934068403095614,0.0010876643824517713,5,0.9933296738186831,0.0010956265525463593,5,0.9866882808395561,0.002151962463192476,5,0.9866595744192892,0.0021909227942464456,5,0.9920140918971592,0.003932493573483183,5,0.00485551295239872,0.0027662887520180602,5,0.9935792894723802,0.0007873179929150719,5,280.802186901889,13.065142637141953,5,0.1449759474528394,0.03583102379176866,5
ctu13,Synaptic/delta,0.768142631272364,0.0007657494091580697,5,0.7680470697422985,0.0007737132998679972,5,0.5627059540816706,0.0012798176210828609,5,0.5438598190543097,0.0014287563357939248,5,0.6736526497264073,0.0016038587242285648,5,0.11396801645936587,0.0009327237624703891,5,0.7798423166335207,0.0006910085899220005,5,84.89503287010069,52.93634912529262,5,0.13969255404374334,0.024337489568593763,5
ctu13,Synaptic/latency,0.9999883498377299,6.836846436387345e-06,5,0.9999882067017415,6.920829189615968e-06,5,0.9999764136163586,1.3841388484633162e-05,5,0.999976413403487,1.38416583731437e-05,5,0.9999835094820477,1.2316675455394843e-05,5,5.61114747965959e-06,8.36460479753031e-06,5,0.9999889491672841,6.434047684999854e-06,5,183.5279395855871,29.80568707503794,5,0.13588319495760515,0.03352269638445893,5
ctu13,Synaptic/rate,0.9916177082466506,0.004392004632600331,5,0.991530845565571,0.004425357612305937,5,0.9832040820663513,0.008653319706641661,5,0.9830636058883142,0.008847362723443117,5,0.9863293606176449,0.008894708328867917,5,0.0017843448985317,0.0018231600723789497,5,0.9922725078595566,0.003846250533141203,5,1265.8265557127404,93.22672476143764,5,0.133500094618904,0.030806765142838602,5
kddcup99,Alpha/delta,0.9215732295059302,0.000620758257523384,5,0.5261886045071669,0.004551364734969663,5,0.8190895405525739,0.0013203579096110769,5,0.8110460356516253,0.0014936540275335606,5,0.9086353399670974,0.0009321965021941885,5,0.007948112818312281,0.0004571514944767083,5,0.5362698997999352,0.0031281405213183233,5,114.34608284114987,6.980022701707018,5,0.1843915494445139,0.057512266779042746,5
kddcup99,Alpha/latency,0.9233132601783114,0.0009698664524325138,5,0.5452683954179176,0.007314219475116555,5,0.8230260001759117,0.002418420151429401,5,0.8151645482884666,0.0024744426746248108,5,0.9090218658659298,0.0010455405064663825,5,0.01199478487614076,0.003679837932090063,5,0.5525267641220838,0.005958486860725811,5,124.4634982590048,6.483787056088071,5,0.17949931754447893,0.055548832789546136,5
kddcup99,Alpha/rate,0.923533818389925,0.0004143246632525739,5,0.5418819508188191,0.0021508743902066392,5,0.8234668524799762,0.0011018946081148132,5,0.8158652874610846,0.0011091083441464244,5,0.910088006516635,0.0004920548304390875,5,0.012918984041060799,0.0018401428512291689,5,0.547733776135425,0.0023313322181358264,5,291.245186783226,27.74269461867734,5,0.165304381158968,0.06290221037334065,5
kddcup99,Lapicque/delta,0.9212208507888333,0.0006010349355192293,5,0.6147485037766364,0.01987082916897189,5,0.8187082639590335,0.0013346586463460998,5,0.8106961307460416,0.001379140641070014,5,0.9089779424683352,0.0004597318312376253,5,0.0075454260393114396,6.94327198454134e-05,5,0.6037424729810494,0.01756957871355576,5,169.6482527352755,19.691202171147886,5,0.11362892083962348,0.05234896091315525,5
kddcup99,Lapicque/latency,0.9245594462252716,0.000778804147471107,5,0.6056043191525736,0.021432173794273323,5,0.8260044469360961,0.0020645326319786543,5,0.8182699519684753,0.002027450051601428,5,0.9099698126467441,0.0005410482936339604,5,0.01097486508342544,0.0029733207914354747,5,0.5884824368953387,0.014680891982950032,5,272.1972034762032,14.332304904927735,5,0.10851177340566376,0.05137602109083948,5
kddcup99,Lapicque/rate,0.924689337650187,0.0006162054596496732,5,0.6154776974077503,0.008376060298699903,5,0.8258921205400045,0.001469268015302058,5,0.8186828983850457,0.0015740147771587585,5,0.912364037119264,0.0010800937654063766,5,0.01521627910814774,0.001891764033691999,5,0.6031494259672446,0.005161901288213297,5,455.94586163991136,17.463993526279804,5,0.10876876604990555,0.05438854283055025,5
kddcup99,Leaky/delta,0.9218838114773863,0.0006191600717341356,5,0.598991189089091,0.012155127211628139,5,0.8196627224465713,0.001256885630283262,5,0.8121650471618537,0.0012945149958611638,5,0.9121827532782827,0.0021954938635671893,5,0.0106282903965804,0.006284995498737003,5,0.6004562518957041,0.007421054641790708,5,103.29356105057727,5.655867258082928,5,0.10036891913106538,0.05598872363768073,5
kddcup99,Leaky/latency,0.9244263396660761,0.0011936650955307344,5,0.6336932195621372,0.019131729821573917,5,0.8249474951269964,0.0027137686311167423,5,0.8176086654590657,0.0029323950083509514,5,0.9115071315625549,0.0015261376832794696,5,0.015655273711484802,0.0006100291371231211,5,0.6178378201631773,0.02296026336029329,5,194.40056136244533,13.137795710167326,5,0.09697813856023696,0.056555286549573924,5
kddcup99,Leaky/rate,0.9258236370242002,0.00197799231343263,5,0.6188914783986246,0.0172179222452399,5,0.8289265697155441,0.004561925387078261,5,0.8217709125972515,0.004666804377735248,5,0.9134964621699755,0.0020798498355934308,5,0.01029161784364524,0.004778465072756988,5,0.6115620927360987,0.01384696903755793,5,198.8777946750946,21.586076736372195,5,0.09169837338765366,0.052581841909740294,5
kddcup99,LeakyParallel/delta,0.9232078037739246,0.0007376845178116676,5,0.6139653908002696,0.01823586444963295,5,0.8225704918989928,0.00174018015572246,5,0.8152953872889306,0.0019339472737795655,5,0.9141201744158188,0.0012698941050590718,5,0.00805043486871416,0.00072937504900157,5,0.6196701917187413,0.009775818458350372,5,105.17769789955278,15.23794472147518,5,0.0730040657281859,0.04472969359273989,5
kddcup99,LeakyParallel/latency,0.925695031652997,0.0002963335389202538,5,0.6198615645861777,0.0065496737149055295,5,0.8289025722679731,0.0007203913874750401,5,0.8215024666694498,0.0007122350650153116,5,0.9125988276445879,0.002425174702115903,5,0.0091099631970689,0.005379982236015495,5,0.6288839478620222,0.03300058814004948,5,236.78412173784437,51.9494262273137,5,0.0687547884753698,0.04543477965323751,5
kddcup99,LeakyParallel/rate,0.9260159020541494,0.0011754677789054127,5,0.6160725132428742,0.018794729873782494,5,0.8292407839560314,0.0027788947514950316,5,0.8220781894260029,0.002889719322501253,5,0.9136266351483014,0.002043131675015294,5,0.010291617843645259,0.0049109881341419135,5,0.6153617112981113,0.01934695941908024,5,394.2188606207138,39.75019642091096,5,0.062157566735834203,0.03765564309833404,5
kddcup99,RLeaky/delta,0.9220960103398719,0.000997962868436835,5,0.5735191561439453,0.04725845547337303,5,0.8202995335779202,0.001977232510554737,5,0.8127159356543441,0.0020960794971569417,5,0.9121651839192448,0.00118214103139549,5,0.00784579076791044,0.0005557068767129191,5,0.5914694874646358,0.043002758155639476,5,1024.1318545859067,183.75889645747932,5,0.08398722975872097,0.041044878424946786,5
kddcup99,RLeaky/latency,0.9226914532085433,0.0018375166085692713,5,0.5600355848371809,0.03440019245785584,5,0.8228656141326709,0.004534396677488322,5,0.8151886470958379,0.0046715974149319365,5,0.9111972719577057,0.0027556182272107264,5,0.00783258792269728,0.0040603880909619635,5,0.5779155192132627,0.024590903692304565,5,668.0942117937556,174.72175151620516,5,0.09765151748752152,0.05024971230460524,5
kddcup99,RLeaky/rate,0.9247671438997649,0.0012576633822220854,5,0.6099407479913269,0.020284483516618747,5,0.8266024583953483,0.0030987351020292466,5,0.8191384479323423,0.0030505452802635042,5,0.9115183120637607,0.0014022096641593145,5,0.010955060815605721,0.00584236856329669,5,0.6035080527324179,0.020350050987890587,5,220.255864887197,99.9020235931239,5,0.10179561059163393,0.055424153105171785,5
kddcup99,RSynaptic/delta,0.9223255709274698,0.0007861940184610025,5,0.6292126450354004,0.01616383182627524,5,0.8206747155725781,0.0016452522057277279,5,0.8134111675812583,0.0015878566738639624,5,0.9136050727531186,0.0020019623417901716,5,0.01080322809565456,0.006496792246657476,5,0.6283694239545733,0.018704055815298812,5,1027.3701320455648,254.7867877342424,5,0.0916810759311308,0.04535795149487582,5
kddcup99,RSynaptic/latency,0.9009680769317331,0.046285595273283756,5,0.5978374649219085,0.035658472375623015,5,0.7867066842231696,0.07516552862549163,5,0.7731723476642717,0.08750868241570692,5,0.8838801130827836,0.05720471163874452,5,0.0057366362451107804,0.000992040848861979,5,0.6121620455976645,0.019251877106042363,5,744.3238958425098,73.34735050742165,5,0.08702736425442856,0.04604795083762929,5
kddcup99,RSynaptic/rate,0.923956287034328,0.0015871766901692532,5,0.609295506169494,0.028280031804441604,5,0.8248828989199775,0.00371451921853703,5,0.81725447086265,0.0038417034539919882,5,0.9103563385455766,0.001750633298508254,5,0.01099797006254842,0.005479784700687422,5,0.5967565718724185,0.022066841400133166,5,289.4937128049153,41.59763531629101,5,0.08516142897686851,0.04406538462559971,5
kddcup99,SConv2dLSTM/delta,0.9223429326525823,0.0022471219583255473,5,0.5975581855004439,0.03027203128118164,5,0.8207706132745672,0.004961655419458457,5,0.8134149284568426,0.005133600808201909,5,0.9124958073120478,0.0029962719945606877,5,0.01067119964352312,0.005948629052438347,5,0.5947733906224986,0.023882647025768623,5,690.024817621508,318.0434832988164,5,0.08211520410600406,0.006079971026186555,5
kddcup99,SConv2dLSTM/latency,0.9249857730308108,0.0010118855593311672,5,0.6252203825582097,0.016388547295119196,5,0.8276680138805395,0.0022902457350579357,5,0.8200241586083313,0.0022325321246552364,5,0.911269146608315,0.0018038949033393353,5,0.00648259699965336,0.0022565377460632614,5,0.6139961156998999,0.00721020982028286,5,1180.2479768767541,177.4980131848271,5,0.09623249441730117,0.04319708179099194,5
kddcup99,SConv2dLSTM/rate,0.9238360410122528,0.002325668442690099,5,0.6037439831298792,0.020689607277224315,5,0.8242682665202983,0.005374129567153328,5,0.8166996059572856,0.005697722439014226,5,0.9105775527480076,0.0025304078302646137,5,0.0108956480121466,0.004262670894836325,5,0.587683409470874,0.015398582457211733,5,613.1165769108347,301.72462643575034,5,0.09470678522472227,0.04248285381003273,5
kddcup99,SLSTM/delta,0.9238276816631247,0.000598072880280493,5,0.6121395940095449,0.04922006824959559,5,0.8238057586108027,0.001335901383069214,5,0.8163833182147189,0.0014964740734690245,5,0.9135060454567234,0.0011614224583018698,5,0.00809994553826344,0.0005691215033278076,5,0.6175044620868648,0.043421850808141906,5,82.42832597603439,24.35170140745705,5,0.07114963495251758,0.006474502737233236,5
kddcup99,SLSTM/latency,0.925193470705304,0.0008294236388611761,5,0.6103216965434145,0.013772624407732834,5,0.8279560933152779,0.0016191138199731219,5,0.820292193305176,0.0017691956833078407,5,0.9112939034324139,0.0013595552185790454,5,0.006693842523063679,0.0013073587897834958,5,0.604271472934988,0.005940382705687603,5,219.14403672969402,46.35989741193108,5,0.06798444279122597,0.007762854219880735,5
kddcup99,SLSTM/rate,0.9251786810876157,0.0012349623317604989,5,0.6205402392942889,0.018515852670149185,5,0.8274518205009571,0.002779159186573326,5,0.8200377751588583,0.002799923942240876,5,0.9117922343433053,0.0008321510318602648,5,0.01182644859967316,0.0038766604841110825,5,0.6079388648658683,0.014156421180706428,5,222.03568348932095,29.578449330130635,5,0.06740391502594878,0.006735899346817076,5
kddcup99,Synaptic/delta,0.9218580904031457,0.00038677009699146134,5,0.5752396826216242,0.035054330330176124,5,0.8196381961998398,0.0008171988853411679,5,0.8120393581033685,0.0009070979807031166,5,0.9123464677602261,0.0009021416642597266,5,0.00788209859224658,0.00046585655146642,5,0.5816871052497743,0.02692161751345979,5,182.26087149429796,193.8540286084288,5,0.10997964887039904,0.05364229567342914,5
kddcup99,Synaptic/latency,0.9233717756222088,0.00142393901704149,5,0.6086818110801338,0.02499684694630465,5,0.8233065393447616,0.0031934652374646815,5,0.8158496509765047,0.003318478501833272,5,0.9108043572010415,0.001627904078764507,5,0.01481359232914688,0.002778132449713962,5,0.6083928234687226,0.027056778957642285,5,121.16648093907642,41.79368498696905,5,0.1059178626041098,0.05481934825698706,5
kddcup99,Synaptic/rate,0.918041726012687,0.013292222455354497,5,0.5425849813212732,0.016153712647343443,5,0.8134106805777337,0.024842220795955713,5,0.8043926182595197,0.027531892378016846,5,0.9024205785110768,0.01700168807558006,5,0.0092584952057168,0.004762369969250219,5,0.5463833685901227,0.015436892488602564,5,937.2595520031894,130.40428018232015,5,0.08179142583602342,0.034317019577005274,5
nslkdd,Alpha/delta,0.7382274662881476,0.00280307677668342,5,0.4614323931969383,0.004995002277621245,5,0.6153728120021656,0.004239365219055293,5,0.5789580414820248,0.005033420718882621,5,0.6164887399672718,0.00523850534701841,5,0.029327566676964224,0.0006961360840760034,5,0.46264141035180817,0.004545186807792704,5,80.61599538679914,7.268428898705873,5,0.11396853952563508,0.0008114605258165434,5
nslkdd,Alpha/latency,0.7309794180269694,0.005420757830084483,5,0.46593952884826073,0.006979986736628583,5,0.6078948153355348,0.009458955355761335,5,0.5701832236371345,0.008521266258165058,5,0.5873918803085794,0.006259444777785903,5,0.05443311708371944,0.008006210676426725,5,0.4761095212088353,0.006773807556475924,5,108.66590667139818,8.702595918937732,5,0.10850307068306977,0.0004650011588208434,5
nslkdd,Alpha/rate,0.7428495386799148,0.001790150616543862,5,0.48299222950409026,0.0018094742376266962,5,0.6237301103210234,0.003276658408140534,5,0.5905990879062576,0.0023154367292751946,5,0.6138393205018312,0.0034558263008450654,5,0.05385645144681286,0.006875913924396099,5,0.48544854911373997,0.0025740769214305224,5,237.68669268985096,8.462200975717462,5,0.10776515333596651,0.0005838989613702466,5
nslkdd,Lapicque/delta,0.7442334989354152,0.0028738518538969334,5,0.4754040475311493,0.009544007303423913,5,0.6245306225924686,0.004022155911620427,5,0.5904127665288973,0.005634644884724751,5,0.6292527078625418,0.00790697363575165,5,0.02920399546905566,0.0008160483062983775,5,0.4741068879192295,0.006134318349231866,5,132.08011000709723,11.902095746635723,5,0.06468252267627697,0.0008596060143005471,5
nslkdd,Lapicque/latency,0.7431156848828957,0.002823673385048481,5,0.48082317293324695,0.0036880066641490857,5,0.6244545850745382,0.0047091282541363725,5,0.5883932055253884,0.005025215252446528,5,0.6024468168004364,0.0040790867046013495,5,0.05200288332818448,0.0027137645871906898,5,0.482113918421026,0.0024103853579806015,5,246.98181334279633,7.464031588036648,5,0.05992328849898067,0.0006828670934650906,5
nslkdd,Lapicque/rate,0.7413679914833216,0.004367668314941667,5,0.5322781281183592,0.009246459641421095,5,0.6201558652230107,0.006120798926008892,5,0.5907679894844339,0.008134974485775534,5,0.6206031325488974,0.011770331773851742,5,0.06887035320770256,0.0012149423296264291,5,0.5138589127576003,0.00815118671957693,5,508.82225869410934,11.233300192117746,5,0.0590252402490381,0.0007891542852324109,5
nslkdd,Leaky/delta,0.7501774308019872,0.00377236099200593,5,0.5621410194850898,0.01839241126052104,5,0.633565688476102,0.005666361117803259,5,0.6019442628312943,0.0063102352413595564,5,0.6433258006701472,0.007143859652114929,5,0.03011018432705176,0.0006161373824179381,5,0.5335401345847961,0.015038412198811656,5,132.1845191625266,10.992144226458418,5,0.051448007184956526,0.002384091294079605,5
nslkdd,Leaky/latency,0.7608942512420156,0.012132686583574548,5,0.5741633987346937,0.01756240408598032,5,0.6501614627307403,0.018553305894539095,5,0.6216814231549146,0.020055101649472024,5,0.6434972336943817,0.01945880443891085,5,0.054639069096900396,0.010432795974472508,5,0.5454472770687842,0.012136045019259238,5,224.96194109297375,7.1796881720753785,5,0.04591927027516194,0.001875800998863308,5
nslkdd,Leaky/rate,0.7634847409510291,0.00749979715023747,5,0.5762872422914023,0.027563431811911048,5,0.6529267807801019,0.010851304543340845,5,0.6269790023401048,0.013044669904170268,5,0.6557624873373334,0.022787877408690642,5,0.05437133147976518,0.01671180348791832,5,0.5448485434970579,0.023545050918718814,5,219.80826827537263,15.170591101870745,5,0.04406407464895794,0.00020389468062732494,5
nslkdd,LeakyParallel/delta,0.7502661462029808,0.015208514855815395,5,0.5220028061873465,0.021750644961316838,5,0.632541705333605,0.022157612409901595,5,0.6039681372082106,0.023710045735450103,5,0.6636484064521155,0.029975650844499897,5,0.029615899495417496,0.0015745566819934064,5,0.5074874092534489,0.013672448712441361,5,144.05737224982258,11.083632901676639,5,0.03167837117901076,0.00041109286874294976,5
nslkdd,LeakyParallel/latency,0.7611160397444996,0.001675817252390299,5,0.5929940020573532,0.019536233714734567,5,0.6490051702923346,0.0021398465952212247,5,0.6252822502166844,0.0029812506498701707,5,0.6606093664770514,0.005340104080698924,5,0.0702296364946967,0.004313330458475067,5,0.5635819124760364,0.015782423064841813,5,359.11825762952446,11.141270654090565,5,0.02686421739200564,0.0010049620660992904,5
nslkdd,LeakyParallel/rate,0.7596167494677075,0.012567147961287743,5,0.58122147141007,0.023784623541565134,5,0.6456430680904974,0.01831670408774735,5,0.6219709203891863,0.020574823865900035,5,0.6608275539624405,0.02441354776038761,5,0.06724333230357322,0.014304586813686645,5,0.5539917065932162,0.022116970880957616,5,426.763041163946,34.2456872263943,5,0.02584864138880036,0.0002853008429233068,5
nslkdd,RLeaky/delta,0.744694819020582,0.006696367519159547,5,0.46978581458025415,0.009969481263635288,5,0.6243083617287736,0.008716116926798486,5,0.5911882310498153,0.011591154308977074,5,0.637434738564638,0.02440165599322219,5,0.03011018432705174,0.0015929692600434259,5,0.4714686188046464,0.008088109119827783,5,1069.4809439318667,210.4305152538314,5,0.06834390402009416,0.024181481113731276,5
nslkdd,RLeaky/latency,0.743097941802697,0.014202106873892319,5,0.4892447733698929,0.020356783250385715,5,0.6236243675133961,0.021152967227777632,5,0.5917773299048856,0.024046473467829312,5,0.6230967038104887,0.025788192448616257,5,0.05303264339408914,0.015085545641671956,5,0.49416319026136984,0.01233337409104508,5,757.5352111426544,192.62298424819403,5,0.06264253996042932,0.02081197282812141,5
nslkdd,RLeaky/rate,0.7495209368346345,0.012724143820639093,5,0.549424236722841,0.037799113651817144,5,0.6312559658600202,0.021086129738075818,5,0.6031798822242068,0.020195495345558628,5,0.634909997662277,0.009022116997458007,5,0.06217691277932236,0.013363770519414994,5,0.5225071402573095,0.028023135872549905,5,181.93719836763663,36.865163588130216,5,0.05797341709191106,0.013584412841952916,5
nslkdd,RSynaptic/delta,0.7459634492547906,0.018552790514733502,5,0.5475755423386315,0.03284153380129204,5,0.6264902018992177,0.028070797295301625,5,0.5978875553111156,0.026997498568170072,5,0.6560741837450323,0.024204096604409947,5,0.04020183297291726,0.02332305389634538,5,0.5264034670283618,0.022730298526606785,5,747.197675656494,37.732302067280585,5,0.07388201523030195,0.024354945927420688,5
nslkdd,RSynaptic/latency,0.7522267565649396,0.007962139281406896,5,0.5239590385806734,0.02665213954424808,5,0.6368643696637524,0.012288819515214575,5,0.6076545030586739,0.01437114835166677,5,0.6416114704278033,0.02352491081468735,5,0.05630728040366591,0.013381612201173086,5,0.5158290644341381,0.01820193708795544,5,518.7127572746629,38.39222581593569,5,0.06734578215204454,0.021429948818144876,5
nslkdd,RSynaptic/rate,0.7495298083747338,0.010849452857130959,5,0.5443910740329666,0.03146956970577519,5,0.6324015809671268,0.017412329278239942,5,0.6036602189062984,0.016499836917639978,5,0.6336164575703265,0.01417976727155786,5,0.05754299248275148,0.015797069859831345,5,0.5224834220456649,0.02242370330946098,5,293.05768275372606,21.170287889728506,5,0.06616102667714446,0.020642953908356406,5
nslkdd,SConv2dLSTM/delta,0.7484386089425124,0.0030689310343761734,5,0.5046237977794714,0.021768233410647098,5,0.6293880197969672,0.004603541684598596,5,0.5983780417141781,0.005812459640094914,5,0.6505727421491467,0.014272602843839702,5,0.029409947482236597,0.0007006910034477903,5,0.4934786604895394,0.011412252264019766,5,1173.9020138396027,934.8046872591125,5,0.08307821662651042,0.02304502510607072,5
nslkdd,SConv2dLSTM/latency,0.7561036195883606,0.004900331513591397,5,0.5692712062850076,0.011250500563962427,5,0.6429332731116466,0.009784320695015962,5,0.6131829474969279,0.007832460941113967,5,0.6362035377542273,0.014911281355077997,5,0.057275254865616264,0.019649727129165045,5,0.5428071872341027,0.008870611692925913,5,795.0977998580554,80.92490604381767,5,0.08970820751487993,0.047756273169244176,5
nslkdd,SConv2dLSTM/rate,0.751916252661462,0.013313829134254614,5,0.544469198229489,0.0403960149851056,5,0.638642551207166,0.02061901442015996,5,0.6058643819220996,0.02158881838793761,5,0.6249357126159121,0.020312229187999294,5,0.04675110699207082,0.01799827946710484,5,0.5270816554581523,0.025097704146232615,5,695.8904719659333,100.3458434301329,5,0.08792391349611087,0.04506658924247801,5
nslkdd,SLSTM/delta,0.746735273243435,0.004701455914367013,5,0.5447191359796952,0.03158329974930568,5,0.6285227092096866,0.006990136398678872,5,0.5955245815799344,0.008257035164564977,5,0.6348788280215071,0.008397311795178683,5,0.02947173308619086,0.0006280692279673222,5,0.520536125912699,0.02385370379918651,5,202.39514726756565,93.73201940556957,5,0.06934312576093594,0.019127570970888914,5
nslkdd,SLSTM/latency,0.765915542938254,0.014128028579089718,5,0.5771860365223065,0.021670071756554946,5,0.6596446417042559,0.019384635426677926,5,0.629110258505525,0.024961555501802384,5,0.6433881399516871,0.03066115871232205,5,0.04283801874163312,0.009469594284504236,5,0.5461044802225812,0.01951478117441497,5,351.15826827537256,17.625317042321864,5,0.06123260879787336,0.014468985782952363,5
nslkdd,SLSTM/rate,0.7504613200851667,0.009415260223675347,5,0.5531983415879961,0.01925037387193407,5,0.6337353177999349,0.0161912798476739,5,0.604871257359735,0.014262235012470537,5,0.6326657835268448,0.008915927139004402,5,0.058531562146019935,0.015709933976864914,5,0.5267515381937856,0.013734189981392515,5,295.19521823988646,15.37766148496525,5,0.06487398937799302,0.02116866272439778,5
nslkdd,Synaptic/delta,0.7432665010645848,0.025970693072640248,5,0.5197803192648885,0.03735386286579262,5,0.6227994640982651,0.036906720980135005,5,0.592478019629467,0.03933597023312961,5,0.6505727421491467,0.024090485332274446,5,0.02943054268355466,0.0011499243558968878,5,0.5042436660693159,0.023554476925421355,5,126.8957771469127,51.58132802242403,5,0.08695684611331995,0.04380064918307136,5
nslkdd,Synaptic/latency,0.7676188786373315,0.014054826824508843,5,0.580376472224906,0.0178360096514177,5,0.6604083367385011,0.017929044855622234,5,0.6345712828028917,0.026287358834694005,5,0.6644588171121327,0.045083487345335856,5,0.06048810627123876,0.02254664308678296,5,0.5548900452949813,0.023949557952648703,5,149.45024840312277,23.657629829118125,5,0.0829502083546223,0.04430256338013778,5
nslkdd,Synaptic/rate,0.7604772888573457,0.01118616427695955,5,0.5174981174549941,0.044499297422903865,5,0.6481479336241175,0.0161849847943797,5,0.6217199530299521,0.02091153451580301,5,0.6558715810800281,0.030069688232492894,5,0.06071465348573778,0.010076558734454592,5,0.513117486813351,0.03333573335474204,5,743.501064584812,109.44118718973404,5,0.08625083565288941,0.04727215542143638,5
