variant,rank_screening,rank_confirmation,pos_screening,pos_confirmation,movement
LeakyParallel/latency,4.025000,5.920000,1.000000,1.000000,0.000000
Leaky/latency,4.400000,7.920000,2.000000,2.000000,0.000000
Synaptic/latency,6.525000,8.320000,4.000000,3.000000,1.000000
SConv2dLSTM/latency,6.150000,10.600000,3.000000,4.000000,-1.000000
Leaky/rate,9.650000,10.640000,6.000000,5.000000,1.000000
LeakyParallel/rate,10.550000,11.400000,8.000000,6.000000,2.000000
RSynaptic/rate,11.950000,11.480000,10.000000,7.000000,3.000000
RSynaptic/latency,10.175000,12.160000,7.000000,8.000000,-1.000000
SLSTM/rate,12.300000,12.680000,11.000000,9.000000,2.000000
SLSTM/latency,7.000000,12.720000,5.000000,10.000000,-5.000000
SConv2dLSTM/rate,13.550000,13.040000,15.000000,11.000000,4.000000
RLeaky/latency,12.950000,13.240000,13.000000,12.000000,1.000000
RLeaky/rate,11.650000,13.720000,9.000000,13.000000,-4.000000
SLSTM/delta,16.250000,14.200000,16.000000,14.000000,2.000000
Lapicque/rate,13.300000,14.440000,14.000000,15.000000,-1.000000
RSynaptic/delta,16.375000,14.520000,17.000000,16.000000,1.000000
Leaky/delta,18.100000,14.920000,20.000000,17.000000,3.000000
SConv2dLSTM/delta,20.200000,15.320000,25.000000,18.000000,7.000000
Lapicque/latency,12.525000,15.480000,12.000000,19.000000,-7.000000
LeakyParallel/delta,17.600000,15.920000,19.000000,20.000000,-1.000000
Alpha/latency,16.950000,16.640000,18.000000,21.000000,-3.000000
Synaptic/delta,19.975000,16.720000,23.000000,22.000000,1.000000
Synaptic/rate,18.800000,17.600000,21.000000,23.000000,-2.000000
Lapicque/delta,20.000000,18.360000,24.000000,24.000000,0.000000
Alpha/rate,19.600000,18.760000,22.000000,25.000000,-3.000000
RLeaky/delta,21.700000,20.200000,26.000000,26.000000,0.000000
Alpha/delta,25.750000,21.080000,27.000000,27.000000,0.000000
