condition,features,model,fold,seed,macro_f1,mcc,DR,FAR,dupfree_macro_f1,dupfree_delta_pp,dupfree_excluded_pct
causal_random,combined,vanilla,0,42,99.66681465637056,99.33534264612646,99.96426589932388,0.6924240661003142,99.66680894992204,-5.706448513720375e-06,0.001560297704802
causal_random,combined,vanilla,0,43,99.70227256594846,99.40454592638577,99.72823276064734,0.3223554055626673,99.70226748233088,-5.083617582446465e-06,0.001560297704802
causal_random,combined,vanilla,0,44,99.73690472897664,99.47423016307194,99.89467844011249,0.451530315372978,99.73690022976244,-4.4992141789990114e-06,0.001560297704802
causal_random,combined,vanilla,0,45,99.7043276268362,99.40875733732572,99.7997009619996,0.4061445362504363,99.7043225743112,-5.05252502058795e-06,0.001560297704802
causal_random,combined,vanilla,0,46,99.78594287507832,99.57201161769795,99.7376364713516,0.148958454556034,99.78646493396953,0.0005220588911836,0.001560297704802
causal_random,combined,vanilla,1,42,99.662023311937,99.32608863026492,99.41584963502284,0.01993480147283,99.66305294543392,0.0010296334969184,0.0057210915842742
causal_random,combined,vanilla,1,43,99.52789695674733,99.0595285404254,99.19620909779144,0.0433875090879242,99.52786551907012,-3.143767718372104e-05,0.0057210915842742
causal_random,combined,vanilla,1,44,99.4231269155944,98.84953681620593,99.12704569457816,0.1899669316822627,99.4230884857563,-3.842983811175316e-05,0.0057210915842742
causal_random,combined,vanilla,1,45,99.61993328077592,99.24231537440896,99.35135943472936,0.0328337906611318,99.61990794050328,-2.534027263578764e-05,0.0057210915842742
causal_random,combined,vanilla,1,46,99.74503415550396,99.49008106549428,99.75138560466571,0.2556345130045264,99.74817981262292,0.0031456571189414,0.0057210915842742
causal_random,combined,vanilla,2,42,99.91730968996062,99.834723424039,99.86256287514723,0.0117215430239236,99.91730861311792,-1.0768427038954087e-06,0.001040198469868
causal_random,combined,vanilla,2,43,99.8778207362182,99.75592443501672,99.78589726808654,0.0035164629071771,99.87781914661764,-1.5896005844950878e-06,0.001040198469868
causal_random,combined,vanilla,2,44,99.92257476317334,99.8452254175958,99.8765870715608,0.0175823145358855,99.92257375468311,-1.0084902135609752e-06,0.001040198469868
causal_random,combined,vanilla,2,45,99.87203000538518,99.74438175112417,99.77374296452814,0.0011721543023923,99.87202834070791,-1.6646772627026962e-06,0.001040198469868
causal_random,combined,vanilla,2,46,99.8788609009821,99.7578213012144,99.82983975018232,0.0562634065148336,99.8788593233864,-1.577595698520895e-06,0.001040198469868
causal_random,combined,vanilla,3,42,98.86869671612509,97.7625138324442,97.97963669152593,0.0046617329992424,98.86963481804892,0.0009381019238308,0.0083215877589444
causal_random,combined,vanilla,3,43,99.83798143524552,99.6762758389518,99.74358011008208,0.0407901637433716,99.83796546993398,-1.5965311539467564e-05,0.0083215877589444
causal_random,combined,vanilla,3,44,99.62165141848662,99.24332760210616,99.69379895929217,0.4580152671755725,99.62266742738306,0.0010160088964372,0.0083215877589444
causal_random,combined,vanilla,3,45,99.65717587557748,99.31656664730605,99.39605132154868,0.0104888992482955,99.65714221011066,-3.366546681426996e-05,0.0083215877589444
causal_random,combined,vanilla,3,46,99.77280019171954,99.54659261616963,99.59799372569648,0.0046617329992424,99.77382929298766,0.0010291012681129,0.0083215877589444
causal_scenario,combined,vanilla,0,42,99.97372740479756,99.94745723666306,99.9689718395938,0.0178179010512561,99.97372730200516,-1.0279237461219283e-07,0.0005490839906326
causal_scenario,combined,vanilla,0,43,99.96694568673507,99.93389173251562,99.9760236942316,0.0435548692364039,99.96694555744848,-1.2928659254285438e-07,0.0005490839906326
causal_scenario,combined,vanilla,0,44,99.89798375571024,99.7961159334481,99.9868365380095,0.2197541129654926,99.8979833573436,-3.983666507778594e-07,0.0005490839906326
causal_scenario,combined,vanilla,0,45,99.67630174542032,99.35461280161914,99.46593954209956,0.0072591448727339,99.67686429788488,0.0005625524645558,0.0005490839906326
causal_scenario,combined,vanilla,0,46,99.7551890634116,99.510854048123,99.6676225847398,0.1055875617852217,99.75518810282855,-9.605830353365263e-07,0.0005490839906326
causal_scenario,combined,vanilla,1,42,76.87977061041306,62.09420332541236,99.78804504260906,45.96612563215884,76.87965144842538,-0.0001191619876883,0.0009481189320388
causal_scenario,combined,vanilla,1,43,77.72390181833853,62.858591280513245,99.34232906225196,44.0626395422495,77.72468506308896,0.0007832447504352,0.0009481189320388
causal_scenario,combined,vanilla,1,44,76.69511879920199,61.57977361851498,99.49758824914738,46.02843286914442,76.69499834449205,-0.0001204547099398,0.0009481189320388
causal_scenario,combined,vanilla,1,45,76.82286030606451,62.13116761160834,99.9119034950762,46.1779702379098,76.82274127963275,-0.0001190264317552,0.0009481189320388
causal_scenario,combined,vanilla,1,46,76.98817100860728,62.31195316256235,99.86567463605677,45.84566497398673,76.98894993634433,0.000778927737044,0.0009481189320388
causal_scenario,combined,vanilla,2,42,94.94643834273168,90.37707484171476,89.00729726008537,0.0067264573991031,94.94630754516784,-0.0001307975638464,0.0024717295927825
causal_scenario,combined,vanilla,2,43,86.90317684327806,76.81029744260269,72.33925375189317,0.0201793721973094,86.90281812904641,-0.0003587142316519,0.0024717295927825
causal_scenario,combined,vanilla,2,44,93.93368234092408,88.55385247367246,86.86493184634449,0.0246636771300448,93.9348180765678,0.0011357356437313,0.0024717295927825
causal_scenario,combined,vanilla,2,45,91.02775451542064,83.39873777460583,81.12625636789205,0.3520179372197309,91.02751699352424,-0.0002375218963734,0.0024717295927825
causal_scenario,combined,vanilla,2,46,89.29843052805826,80.65239539409635,77.16921382348892,0.0112107623318385,89.29814284687241,-0.0002876811858509,0.0024717295927825
causal_scenario,combined,vanilla,3,42,99.87061852329306,99.74157139923511,100.0,0.2890489508304298,99.87061782043672,-7.028563286937128e-07,0.0006895125146521
causal_scenario,combined,vanilla,3,43,99.98741516863166,99.97483131478045,99.99506337393709,0.0218739746574379,99.98741510009786,-6.853378975435477e-08,0.0006895125146521
causal_scenario,combined,vanilla,3,44,99.93847779137003,99.87696218669736,99.92965307860344,0.0484352295986125,99.93847745616704,-3.3520299869138626e-07,0.0006895125146521
causal_scenario,combined,vanilla,3,45,99.9755292131779,99.95106125110482,99.98889259135844,0.0406230957923847,99.97622821001688,0.0006989968389881,0.0006895125146521
causal_scenario,combined,vanilla,3,46,99.97902459167229,99.9580579808288,100.0,0.0468728028373669,99.97902447747748,-1.1419478695984253e-07,0.0006895125146521
legacy_random,combined,vanilla,0,42,99.9994739733383,99.99894795221068,99.99905962892956,0.0,99.99938782221687,-8.615112141452386e-05,14.885240103811809
legacy_random,combined,vanilla,0,43,99.99947397216332,99.99894794986076,100.0,0.001163737926219,99.99938782285837,-8.614930496753104e-05,14.885240103811809
legacy_random,combined,vanilla,0,44,99.99894794550168,99.99789589100337,99.99905962892956,0.001163737926219,99.99877564507533,-0.0001723004263709,14.885240103811809
legacy_random,combined,vanilla,0,45,99.99842192001492,99.99684384556386,99.99811925785916,0.001163737926219,99.99816346665068,-0.0002584533642546,14.885240103811809
legacy_random,combined,vanilla,0,46,99.9989479478515,99.99789591783905,99.99811925785916,0.0,99.99877564379216,-0.0001723040593315,14.885240103811809
legacy_random,combined,vanilla,1,42,100.0,100.0,100.0,0.0,100.0,0.0,15.098480790134758
legacy_random,combined,vanilla,1,43,100.0,100.0,100.0,0.0,100.0,0.0,15.098480790134758
legacy_random,combined,vanilla,1,44,99.9994731803819,99.99894636631456,100.0,0.0011726353807547,99.99938654600044,-8.663438145761759e-05,15.098480790134758
legacy_random,combined,vanilla,1,45,99.99894636201763,99.99789272403528,99.99906535941604,0.0011726353807547,99.9987730914363,-0.0001732705813495,15.098480790134758
legacy_random,combined,vanilla,1,46,100.0,100.0,100.0,0.0,100.0,0.0,15.098480790134758
legacy_random,combined,vanilla,2,42,99.99894644963504,99.99789289927004,99.99906505357244,0.0011721543023923,99.99877565371348,-0.0001707959215502,14.932569134190803
legacy_random,combined,vanilla,2,43,99.99894644963504,99.99789289927004,99.99906505357244,0.0011721543023923,99.99877565371348,-0.0001707959215502,14.932569134190803
legacy_random,combined,vanilla,2,44,99.99947322419273,99.99894645393526,100.0,0.0011721543023923,99.9993878271237,-8.539706901622424e-05,14.932569134190803
legacy_random,combined,vanilla,2,45,99.99947322419273,99.99894645393526,100.0,0.0011721543023923,99.9993878271237,-8.539706901622424e-05,14.932569134190803
legacy_random,combined,vanilla,2,46,100.0,100.0,100.0,0.0,100.0,0.0,14.932569134190803
legacy_random,combined,vanilla,3,42,100.0,100.0,100.0,0.0,100.0,0.0,14.953373103588165
legacy_random,combined,vanilla,3,43,100.0,100.0,100.0,0.0,100.0,0.0,14.953373103588165
legacy_random,combined,vanilla,3,44,100.0,100.0,100.0,0.0,100.0,0.0,14.953373103588165
legacy_random,combined,vanilla,3,45,100.0,100.0,100.0,0.0,100.0,0.0,14.953373103588165
legacy_random,combined,vanilla,3,46,100.0,100.0,100.0,0.0,100.0,0.0,14.953373103588165
