protocol,variant,n,pct_excluded,f1_official,f1_official_sd,f1_dedup,f1_dedup_sd,delta_pp,denominator_factor,denominator_corrected
cicids2017_v2,LeakyParallel/delta,5,10.861570744252427,0.4980727678700781,0.008699320146612063,0.4955768006565561,0.008700932818861355,-0.24959672135219546,0.8,True
cicids2017_v2,LeakyParallel/latency,5,10.861570744252427,0.7842318039546579,0.00297494418156443,0.78384429347539,0.001844223151685708,-0.038751047926781634,1.0,False
cicids2017_v2,LeakyParallel/rate,5,10.861570744252427,0.7276962776167651,0.01531540676379177,0.7452237307050059,0.02240797088341626,1.7527453088240776,1.0,False
ctu13_v2_f0,LeakyParallel/delta,5,0.000549083990632627,0.5938109762142924,0.004776667231838956,0.5938142664350037,0.004776693446761964,0.0003290220711282821,1.0,False
ctu13_v2_f0,LeakyParallel/latency,5,0.000549083990632627,0.9985402953121495,0.001326331565707405,0.9985414172350214,0.0013244490276591461,0.00011219228718051255,1.0,False
ctu13_v2_f0,LeakyParallel/rate,5,0.000549083990632627,0.9875848080637895,0.0017765170375729257,0.9875875615742713,0.0017757766214151053,0.00027535104817344447,1.0,False
ctu13_v2_f1,LeakyParallel/delta,5,0.0009481189320388349,0.8825338488914823,0.006687996131377381,0.8825404460762984,0.006686275034909081,0.0006597184816059531,1.0,False
ctu13_v2_f1,LeakyParallel/latency,5,0.0009481189320388349,0.7702196450852508,0.004063704262570951,0.770222052143967,0.00406741817531084,0.00024070587161917345,1.0,False
ctu13_v2_f1,LeakyParallel/rate,5,0.0009481189320388349,0.7750485450187782,0.0049927216066047286,0.7750518677298972,0.004996631805743206,0.0003322711119047028,1.0,False
kddcup99_v2,LeakyParallel/delta,5,57.53000524066888,0.608291065482877,0.036492877996215374,0.5966982051607976,0.036471358559745586,-1.1592860322079468,1.0,False
kddcup99_v2,LeakyParallel/latency,5,57.53000524066888,0.6309375713404924,0.011926048831580266,0.6234045033395532,0.011998364566045515,-0.7533068000939225,1.0,False
kddcup99_v2,LeakyParallel/rate,5,57.53000524066888,0.608879025239483,0.040034035890764194,0.6009269521302554,0.04108020856781108,-0.7952073109227586,1.0,False
nslkdd_v2,LeakyParallel/delta,5,2.6836408800567777,0.519700356150743,0.01597256467437715,0.5163501119120115,0.01650814260405749,-0.33502442387313924,1.0,False
nslkdd_v2,LeakyParallel/latency,5,2.6836408800567777,0.5846092469600022,0.027853452759051385,0.580972351925217,0.02795141566141803,-0.3636895034785126,1.0,False
nslkdd_v2,LeakyParallel/rate,5,2.6836408800567777,0.5470851950950509,0.029294552026286294,0.543092480986258,0.02935587948516911,-0.39927141087928386,1.0,False
