protocol,neuron,encoding,n,f1_terminal_mean,f1_terminal_sd,T95_mean,T95_sd,T95_median,T99_mean,T99_sd,T99_median,T99_min,T99_max,T99_q25,T99_q75,T95_min,T95_max,spikes_at_T99_mean,spikes_terminal_mean,spike_saving_at_T99_pct,f1_vs_best_pp
cicids2017_v2,LeakyParallel,delta,5,0.6225909598375976,0.010874150183265086,12.0,5.0990195135927845,14.0,12.0,5.0990195135927845,14.0,3,15,13.0,15.0,3,15,11.548547739829585,15.713405587192133,26.505125348239524,-16.164084411706025
cicids2017_v2,LeakyParallel,latency,5,0.7842318039546579,0.00297494418156443,22.0,0.0,22.0,22.8,0.44721359549995787,23.0,22,23,23.0,23.0,22,22,22.16344303296641,24.436170851644082,9.300670847637171,0.0
cicids2017_v2,LeakyParallel,rate,5,0.7276962776167651,0.01531540676379177,12.2,0.8366600265340753,12.0,21.4,0.547722557505166,21.0,21,22,21.0,22.0,11,13,16.596305585779085,19.617132148257006,15.398920390849913,-5.653552633789271
ctu13_v2_f0,LeakyParallel,delta,5,0.5938109762142924,0.004776667231838956,6.2,4.3817804600413295,8.0,7.0,5.0990195135927845,10.0,1,12,2.0,10.0,1,10,8.159020214527114,21.850723829970654,62.660183351289604,-40.472931909785714
ctu13_v2_f0,LeakyParallel,latency,5,0.9985402953121495,0.001326331565707405,11.6,0.8944271909999159,11.0,15.4,2.9664793948382653,14.0,12,19,14.0,18.0,11,13,12.788823944454665,25.927065722608255,50.6738476259468,0.0
ctu13_v2_f0,LeakyParallel,rate,5,0.9875848080637895,0.0017765170375729257,8.2,0.44721359549995815,8.0,17.0,1.224744871391589,17.0,16,19,16.0,17.0,8,9,10.144887341692222,16.987214030194128,40.27927520274914,-1.095548724836004
ctu13_v2_f1,LeakyParallel,delta,5,0.8825338488914823,0.006687996131377381,5.4,9.838699100999074,1.0,5.8,9.654014708917737,1.0,1,23,1.0,3.0,1,23,7.778843674150485,28.569120714502425,72.7718477866848,0.0
ctu13_v2_f1,LeakyParallel,latency,5,0.7702196450852508,0.004063704262570951,14.0,1.4142135623730951,15.0,14.6,1.140175425099138,15.0,13,16,14.0,15.0,12,15,8.175196260618932,16.870489798240293,51.5414409516927,-11.231420380623158
ctu13_v2_f1,LeakyParallel,rate,5,0.7750485450187782,0.0049927216066047286,4.6,1.949358868961793,4.0,6.0,2.7386127875258306,6.0,3,10,4.0,7.0,3,8,2.245044182342233,18.229880916262136,87.68481158678595,-10.748530387270417
kddcup99_v2,LeakyParallel,delta,5,0.608291065482877,0.036492877996215374,2.6,0.8944271909999159,3.0,10.6,9.60728889958036,4.0,3,23,4.0,19.0,1,3,7.65320661417424,16.137809014593493,52.57592522471042,-2.2646505857615407
kddcup99_v2,LeakyParallel,latency,5,0.6309375713404924,0.011926048831580266,10.0,7.516648189186454,7.0,15.0,9.82344135219425,19.0,3,24,6.0,23.0,2,21,22.592021322770545,37.69843905230702,40.07173270112364,0.0
kddcup99_v2,LeakyParallel,rate,5,0.608879025239483,0.040034035890764194,6.8,2.16794833886788,7.0,13.6,5.941380311005179,14.0,5,20,11.0,18.0,4,10,9.023893591915867,18.466878008160013,51.13470946237663,-2.2058546101009435
nslkdd_v2,LeakyParallel,delta,5,0.519700356150743,0.01597256467437715,1.0,0.0,1.0,1.4,0.5477225575051661,1.0,1,2,1.0,2.0,1,1,1.5196682044002838,16.26694464158978,90.65793707495051,-6.490889080925921
nslkdd_v2,LeakyParallel,latency,5,0.5846092469600022,0.027853452759051385,6.6,8.142481194328912,3.0,7.8,8.983317872590282,3.0,2,23,2.0,9.0,2,21,8.495360184528035,32.88501596877218,74.1664708553121,0.0
nslkdd_v2,LeakyParallel,rate,5,0.5470851950950509,0.029294552026286294,11.2,1.9235384061671346,12.0,20.2,2.16794833886788,20.0,17,23,20.0,21.0,8,13,12.730660042583391,16.791004258339246,24.181663903392113,-3.7524051864951224
