arm,T,protocol,seed,f1,in_spk
A1,5,nslkdd_v2,42,0.49214580,14.58015436
A1,5,nslkdd_v2,43,0.46715041,14.58015436
A1,5,nslkdd_v2,44,0.48125834,14.58015436
A1,5,kddcup99_v2,42,0.52878856,12.49057805
A1,5,kddcup99_v2,43,0.51521031,12.49057805
A1,5,kddcup99_v2,44,0.54828959,12.49057805
A1,5,cicids2017_v2,42,0.77472012,39.90437727
A1,5,cicids2017_v2,43,0.77632376,39.90437727
A1,5,cicids2017_v2,44,0.78121005,39.90437727
A1,5,ctu13_v2_f0,42,0.98408864,22.23277867
A1,5,ctu13_v2_f0,43,0.98082596,22.23277867
A1,5,ctu13_v2_f0,44,0.98793310,22.23277867
A1,5,ctu13_v2_f1,42,0.76661811,20.65201191
A1,5,ctu13_v2_f1,43,0.77059023,20.65201191
A1,5,ctu13_v2_f1,44,0.76533511,20.65201191
A1,10,nslkdd_v2,42,0.57239468,14.58015436
A1,10,nslkdd_v2,43,0.59180478,14.58015436
A1,10,nslkdd_v2,44,0.54328899,14.58015436
A1,10,kddcup99_v2,42,0.65078730,12.49057805
A1,10,kddcup99_v2,43,0.63242643,12.49057805
A1,10,kddcup99_v2,44,0.63818208,12.49057805
A1,10,cicids2017_v2,42,0.76599488,39.90437727
A1,10,cicids2017_v2,43,0.76934138,39.90437727
A1,10,cicids2017_v2,44,0.76836228,39.90437727
A1,10,ctu13_v2_f0,42,0.99845445,22.23277867
A1,10,ctu13_v2_f0,43,0.99882728,22.23277867
A1,10,ctu13_v2_f0,44,0.99945474,22.23277867
A1,10,ctu13_v2_f1,42,0.74281676,20.65201191
A1,10,ctu13_v2_f1,43,0.61313635,20.65201191
A1,10,ctu13_v2_f1,44,0.76353123,20.65201191
A1,50,nslkdd_v2,42,0.62833283,14.58015436
A1,50,nslkdd_v2,43,0.54381288,14.58015436
A1,50,nslkdd_v2,44,0.64978937,14.58015436
A1,50,kddcup99_v2,42,0.66055334,12.49057805
A1,50,kddcup99_v2,43,0.63737710,12.49057805
A1,50,kddcup99_v2,44,0.60115515,12.49057805
A1,50,cicids2017_v2,42,0.78891652,39.90437727
A1,50,cicids2017_v2,43,0.79054430,39.90437727
A1,50,cicids2017_v2,44,0.79147259,39.90437727
A1,50,ctu13_v2_f0,42,0.93717723,22.23277867
A1,50,ctu13_v2_f0,43,0.97363703,22.23277867
A1,50,ctu13_v2_f0,44,0.99898830,22.23277867
A1,50,ctu13_v2_f1,42,0.76789054,20.65201191
A1,50,ctu13_v2_f1,43,0.67732985,20.65201191
A1,50,ctu13_v2_f1,44,0.75375326,20.65201191
A2,5,nslkdd_v2,42,0.46308513,14.58015436
A2,5,nslkdd_v2,43,0.46649605,14.58015436
A2,5,nslkdd_v2,44,0.47210281,14.58015436
A2,5,kddcup99_v2,42,0.52645490,12.49057805
A2,5,kddcup99_v2,43,0.52462675,12.49057805
A2,5,kddcup99_v2,44,0.52107671,12.49057805
A2,5,cicids2017_v2,42,0.54515206,39.90437727
A2,5,cicids2017_v2,43,0.53750781,39.90437727
A2,5,cicids2017_v2,44,0.53084090,39.90437727
A2,5,ctu13_v2_f0,42,0.68011904,22.23277867
A2,5,ctu13_v2_f0,43,0.65957400,22.23277867
A2,5,ctu13_v2_f0,44,0.66545071,22.23277867
A2,5,ctu13_v2_f1,42,0.27376214,20.65201191
A2,5,ctu13_v2_f1,43,0.24814164,20.65201191
A2,5,ctu13_v2_f1,44,0.26684716,20.65201191
A2,10,nslkdd_v2,42,0.48594988,14.58015436
A2,10,nslkdd_v2,43,0.52572283,14.58015436
A2,10,nslkdd_v2,44,0.51896845,14.58015436
A2,10,kddcup99_v2,42,0.59351371,12.49057805
A2,10,kddcup99_v2,43,0.58157749,12.49057805
A2,10,kddcup99_v2,44,0.59122877,12.49057805
A2,10,cicids2017_v2,42,0.61332876,39.90437727
A2,10,cicids2017_v2,43,0.63344127,39.90437727
A2,10,cicids2017_v2,44,0.64069101,39.90437727
A2,10,ctu13_v2_f0,42,0.79740223,22.23277867
A2,10,ctu13_v2_f0,43,0.67606865,22.23277867
A2,10,ctu13_v2_f0,44,0.76429928,22.23277867
A2,10,ctu13_v2_f1,42,0.28815852,20.65201191
A2,10,ctu13_v2_f1,43,0.41348556,20.65201191
A2,10,ctu13_v2_f1,44,0.26692137,20.65201191
A2,50,nslkdd_v2,42,0.57602411,14.58015436
A2,50,nslkdd_v2,43,0.51500697,14.58015436
A2,50,nslkdd_v2,44,0.52330924,14.58015436
A2,50,kddcup99_v2,42,0.61266016,12.49057805
A2,50,kddcup99_v2,43,0.60577809,12.49057805
A2,50,kddcup99_v2,44,0.61704575,12.49057805
A2,50,cicids2017_v2,42,0.63347907,39.90437727
A2,50,cicids2017_v2,43,0.62363593,39.90437727
A2,50,cicids2017_v2,44,0.62484589,39.90437727
A2,50,ctu13_v2_f0,42,0.72407419,22.23277867
A2,50,ctu13_v2_f0,43,0.77406509,22.23277867
A2,50,ctu13_v2_f0,44,0.77299801,22.23277867
A2,50,ctu13_v2_f1,42,0.77947261,20.65201191
A2,50,ctu13_v2_f1,43,0.77852642,20.65201191
A2,50,ctu13_v2_f1,44,0.66694708,20.65201191
A2,25,nslkdd_v2,42,0.53402272,14.58015436
A2,25,nslkdd_v2,43,0.48201634,14.58015436
A2,25,nslkdd_v2,44,0.51795801,14.58015436
A2,25,kddcup99_v2,42,0.57675810,12.49057805
A2,25,kddcup99_v2,43,0.58016026,12.49057805
A2,25,kddcup99_v2,44,0.59023953,12.49057805
A2,25,cicids2017_v2,42,0.63611912,39.90437727
A2,25,cicids2017_v2,43,0.58717986,39.90437727
A2,25,cicids2017_v2,44,0.63284229,39.90437727
A2,25,ctu13_v2_f0,42,0.73007902,22.23277867
A2,25,ctu13_v2_f0,43,0.81985617,22.23277867
A2,25,ctu13_v2_f0,44,0.73090569,22.23277867
A2,25,ctu13_v2_f1,42,0.72999683,20.65201191
A2,25,ctu13_v2_f1,43,0.73239199,20.65201191
A2,25,ctu13_v2_f1,44,0.73917688,20.65201191
A3,5,nslkdd_v2,42,0.48548837,14.58015436
A3,5,nslkdd_v2,43,0.49902971,14.58015436
A3,5,nslkdd_v2,44,0.52987787,14.58015436
A3,5,kddcup99_v2,42,0.54711873,12.49057805
A3,5,kddcup99_v2,43,0.55376572,12.49057805
A3,5,kddcup99_v2,44,0.53144799,12.49057805
A3,5,cicids2017_v2,42,0.31320008,39.90437727
A3,5,cicids2017_v2,43,0.47838859,39.90437727
A3,5,cicids2017_v2,44,0.50116461,39.90437727
A3,5,ctu13_v2_f0,42,0.40585936,22.23277867
A3,5,ctu13_v2_f0,43,0.40595134,22.23277867
A3,5,ctu13_v2_f0,44,0.74474660,22.23277867
A3,5,ctu13_v2_f1,42,0.86124229,20.65201191
A3,5,ctu13_v2_f1,43,0.86108729,20.65201191
A3,5,ctu13_v2_f1,44,0.37649243,20.65201191
A3,10,nslkdd_v2,42,0.54317015,14.58015436
A3,10,nslkdd_v2,43,0.55191895,14.58015436
A3,10,nslkdd_v2,44,0.55494900,14.58015436
A3,10,kddcup99_v2,42,0.62354487,12.49057805
A3,10,kddcup99_v2,43,0.61618586,12.49057805
A3,10,kddcup99_v2,44,0.64726161,12.49057805
A3,10,cicids2017_v2,42,0.48129534,39.90437727
A3,10,cicids2017_v2,43,0.48155178,39.90437727
A3,10,cicids2017_v2,44,0.48759399,39.90437727
A3,10,ctu13_v2_f0,42,0.40599937,22.23277867
A3,10,ctu13_v2_f0,43,0.40583740,22.23277867
A3,10,ctu13_v2_f0,44,0.40595603,22.23277867
A3,10,ctu13_v2_f1,42,0.86122308,20.65201191
A3,10,ctu13_v2_f1,43,0.86117932,20.65201191
A3,10,ctu13_v2_f1,44,0.86104233,20.65201191
A3,50,nslkdd_v2,42,0.55556860,14.58015436
A3,50,nslkdd_v2,43,0.50471992,14.58015436
A3,50,nslkdd_v2,44,0.57586296,14.58015436
A3,50,kddcup99_v2,42,0.64505778,12.49057805
A3,50,kddcup99_v2,43,0.63270256,12.49057805
A3,50,kddcup99_v2,44,0.62878518,12.49057805
A3,50,cicids2017_v2,42,0.49994179,39.90437727
A3,50,cicids2017_v2,43,0.50004011,39.90437727
A3,50,cicids2017_v2,44,0.51605579,39.90437727
A3,50,ctu13_v2_f0,42,0.40583819,22.23277867
A3,50,ctu13_v2_f0,43,0.40595603,22.23277867
A3,50,ctu13_v2_f0,44,0.40595603,22.23277867
A3,50,ctu13_v2_f1,42,0.86118748,20.65201191
A3,50,ctu13_v2_f1,43,0.81624329,20.65201191
A3,50,ctu13_v2_f1,44,0.37650289,20.65201191
A3,25,nslkdd_v2,42,0.58231407,14.58015436
A3,25,nslkdd_v2,43,0.55360426,14.58015436
A3,25,nslkdd_v2,44,0.57428099,14.58015436
A3,25,kddcup99_v2,42,0.64779372,12.49057805
A3,25,kddcup99_v2,43,0.63703743,12.49057805
A3,25,kddcup99_v2,44,0.63511618,12.49057805
A3,25,cicids2017_v2,42,0.48454373,39.90437727
A3,25,cicids2017_v2,43,0.48173328,39.90437727
A3,25,cicids2017_v2,44,0.48141450,39.90437727
A3,25,ctu13_v2_f0,42,0.40595603,22.23277867
A3,25,ctu13_v2_f0,43,0.47848012,22.23277867
A3,25,ctu13_v2_f0,44,0.47848426,22.23277867
A3,25,ctu13_v2_f1,42,0.86117932,20.65201191
A3,25,ctu13_v2_f1,43,0.86106749,20.65201191
A3,25,ctu13_v2_f1,44,0.86122546,20.65201191
A1,25,cicids2017_v2,42,0.78372185,39.90437727
A1,25,cicids2017_v2,43,0.77977036,39.90437727
A1,25,cicids2017_v2,44,0.78390721,39.90437727
A1,25,ctu13_v2_f0,42,0.99973727,22.23277867
A1,25,ctu13_v2_f0,43,0.99966946,22.23277867
A1,25,ctu13_v2_f0,44,0.99897984,22.23277867
A1,25,ctu13_v2_f1,42,0.76879771,20.65201191
A1,25,ctu13_v2_f1,43,0.77723902,20.65201191
A1,25,ctu13_v2_f1,44,0.76695119,20.65201191
A1,25,kddcup99_v2,42,0.63824301,12.49057805
A1,25,kddcup99_v2,43,0.63773698,12.49057805
A1,25,kddcup99_v2,44,0.64224724,12.49057805
A1,25,nslkdd_v2,42,0.56307000,14.58015436
A1,25,nslkdd_v2,43,0.57134609,14.58015436
A1,25,nslkdd_v2,44,0.61088108,14.58015436
