protocol,neuron,encoding,class,n,precision,recall,f1_mean,f1_sd,support
cicids2017_v2,LeakyParallel,delta,dos,5,0.6616933547126815,0.4358035147152234,0.5166582699522257,0.043370714527323294,18892
cicids2017_v2,LeakyParallel,delta,normal,5,0.9770048579458184,0.9904638668613363,0.9836751824394693,0.0006869297387029565,523965
cicids2017_v2,LeakyParallel,delta,probe,5,0.9876639344057196,0.9924082083371676,0.9900303869586955,3.0484187516834493e-05,21734
cicids2017_v2,LeakyParallel,delta,r2l,5,0.0,0.0,0.0,0.0,1561
cicids2017_v2,LeakyParallel,delta,u2r,5,0.0,0.0,0.0,0.0,0
cicids2017_v2,LeakyParallel,latency,dos,5,0.9798756083319968,0.9504340461571035,0.9649087305786903,0.006852285299236567,18892
cicids2017_v2,LeakyParallel,latency,normal,5,0.9979482657343002,0.9993724771692765,0.9986598342536384,0.00024651498945530505,523965
cicids2017_v2,LeakyParallel,latency,probe,5,0.9998519897275615,0.9944050795987852,0.9971210526465498,0.00016730137299605648,21734
cicids2017_v2,LeakyParallel,latency,r2l,5,0.9881837041481731,0.9346572709801408,0.9604694022944104,0.012336396851126615,1561
cicids2017_v2,LeakyParallel,latency,u2r,5,0.0,0.0,0.0,0.0,0
cicids2017_v2,LeakyParallel,rate,dos,5,0.9306573338603051,0.8693521067118357,0.8989280246989576,0.012053643637210652,18892
cicids2017_v2,LeakyParallel,rate,normal,5,0.9940928363508871,0.9975941141106753,0.9958402996575082,0.0003632225000403586,523965
cicids2017_v2,LeakyParallel,rate,probe,5,0.9998145356658512,0.9918284715192784,0.9958053620106014,0.0003203164482764056,21734
cicids2017_v2,LeakyParallel,rate,r2l,5,0.9143333192339235,0.641255605381166,0.7479077017167586,0.07895878574522879,1561
cicids2017_v2,LeakyParallel,rate,u2r,5,0.0,0.0,0.0,0.0,0
ctu13_v2_f0,Alpha,latency,botnet,5,0.9995559641232508,0.9898772977293028,0.9946868438530021,0.0027411024898808217,212710
ctu13_v2_f0,Alpha,latency,normal,5,0.9860269129953789,0.9993823127635565,0.9926480300950276,0.003746810452899189,151533
ctu13_v2_f0,Lapicque,latency,botnet,5,0.9996971053965972,0.9692379295754783,0.9841608372195572,0.009594083924101764,212710
ctu13_v2_f0,Lapicque,latency,normal,5,0.9590592802154653,0.99958952835356,0.9787862408100576,0.012437117808337667,151533
ctu13_v2_f0,Leaky,latency,botnet,5,0.9998268004508175,0.9940566969112877,0.9969229393893423,0.0036504393700008604,212710
ctu13_v2_f0,Leaky,latency,normal,5,0.991803406593019,0.9997584684524163,0.9957453405676221,0.0050142144249868395,151533
ctu13_v2_f0,LeakyParallel,delta,botnet,5,0.8805809089293108,0.3747919702881858,0.5257676428460464,0.007393025111799775,212710
ctu13_v2_f0,LeakyParallel,delta,normal,5,0.5141437663141877,0.9286663631024265,0.6618543095825384,0.002160363204046642,151533
ctu13_v2_f0,LeakyParallel,latency,botnet,5,0.9994386775420443,0.9981307883973486,0.9987828953943122,0.0011076685475721524,212710
ctu13_v2_f0,LeakyParallel,latency,normal,5,0.9973904958626006,0.9992120528201778,0.9982976952299868,0.0015449972902544804,151533
ctu13_v2_f0,LeakyParallel,rate,botnet,5,0.998869528506992,0.9803742184194443,0.9895328256783168,0.0015202860753183059,212710
ctu13_v2_f0,LeakyParallel,rate,normal,5,0.9731658572690123,0.9984412636191455,0.9856367904492622,0.0020327565695463807,151533
ctu13_v2_f0,RLeaky,latency,botnet,5,0.9980923779052585,0.9718696817262942,0.9847006513853926,0.011131828210157438,212710
ctu13_v2_f0,RLeaky,latency,normal,5,0.9625984922278412,0.9973761490896372,0.9795011486315989,0.014395127291962009,151533
ctu13_v2_f0,RSynaptic,latency,botnet,5,0.9995063485843445,0.9440364815946595,0.9708811347530879,0.010885282508088935,212710
ctu13_v2_f0,RSynaptic,latency,normal,5,0.9277013317730184,0.9993374380497977,0.9620327330366409,0.01363397740755629,151533
ctu13_v2_f0,SConv2dLSTM,latency,botnet,5,0.9996538949259717,0.9620271731465376,0.9792819553668288,0.040002853109448816,212710
ctu13_v2_f0,SConv2dLSTM,latency,normal,5,0.9558402209670378,0.9995261758164888,0.9756393530872882,0.04578832815069689,151533
ctu13_v2_f0,SLSTM,latency,botnet,5,0.9915743844094136,0.8418898970429222,0.9095656195306168,0.03483538809479431,212710
ctu13_v2_f0,SLSTM,latency,normal,5,0.8198549213421105,0.989664297545749,0.8959394207805536,0.030206148802218925,151533
ctu13_v2_f0,Synaptic,latency,botnet,5,0.9996276734257995,0.9995477410558976,0.9995876918383896,9.906000499782223e-05,212710
ctu13_v2_f0,Synaptic,latency,normal,5,0.9993652537324523,0.9994773415691631,0.9994212673164901,0.00013913192105535007,151533
ctu13_v2_f1,Alpha,latency,botnet,5,0.7163236950572116,0.9903442741633013,0.831329404404665,0.003591039191472862,114647
ctu13_v2_f1,Alpha,latency,normal,5,0.9791240995372881,0.5330820274774914,0.6902765045221135,0.003989935810841074,96297
ctu13_v2_f1,Lapicque,latency,botnet,5,0.6360730920251964,0.7272043751689969,0.6725265002503094,0.16542162221383874,114647
ctu13_v2_f1,Lapicque,latency,normal,5,0.677200776329213,0.5386938326219923,0.5888029050155336,0.08579787430589207,96297
ctu13_v2_f1,Leaky,latency,botnet,5,0.5383255693329443,0.5371915532024387,0.5321302335362784,0.23451045668606382,114647
ctu13_v2_f1,Leaky,latency,normal,5,0.5270881752163141,0.53978420926924,0.5255239179130966,0.07503169986187845,96297
ctu13_v2_f1,LeakyParallel,delta,botnet,5,0.8725925849570226,0.9213498826833671,0.8962794403195531,0.0067802049806068776,114647
ctu13_v2_f1,LeakyParallel,delta,normal,5,0.8998940879144062,0.8398558625917734,0.8687882574634116,0.006596026410685964,96297
ctu13_v2_f1,LeakyParallel,latency,botnet,5,0.7223657181078523,0.9968110809702827,0.8376748542634177,0.001858438289045014,114647
ctu13_v2_f1,LeakyParallel,latency,normal,5,0.9931393244786488,0.5438383334891015,0.7027644359070839,0.006334104073404698,96297
ctu13_v2_f1,LeakyParallel,rate,botnet,5,0.7269702295318856,0.9928441215208423,0.8393510064987136,0.002663633897073178,114647
ctu13_v2_f1,LeakyParallel,rate,normal,5,0.9849064761396576,0.556021475227681,0.7107460835388426,0.007325730357213556,96297
ctu13_v2_f1,RLeaky,latency,botnet,5,0.9041979499508652,0.9359826249269497,0.9146370053275156,0.06046440883590399,114647
ctu13_v2_f1,RLeaky,latency,normal,5,0.9296653047076608,0.8627953103419628,0.882151391543605,0.10804948573765673,96297
ctu13_v2_f1,RSynaptic,latency,botnet,5,0.9384874054384909,0.9026455118755834,0.9176395257927277,0.09822980506915287,114647
ctu13_v2_f1,RSynaptic,latency,normal,5,0.8921228564440471,0.9236860961400666,0.9052448292084607,0.12027181742114632,96297
ctu13_v2_f1,SConv2dLSTM,latency,botnet,5,0.5447600824113449,0.580090189887219,0.551368679889879,0.3637609284336556,114647
ctu13_v2_f1,SConv2dLSTM,latency,normal,5,0.6452473989959084,0.6078694040312783,0.6085192790237322,0.19976919649501165,96297
ctu13_v2_f1,SLSTM,latency,botnet,5,0.2524577644410895,0.1808839306741563,0.20441076007581022,0.2188897228435392,114647
ctu13_v2_f1,SLSTM,latency,normal,5,0.36453982973335713,0.5296883599696771,0.4277270304246171,0.055817095812770695,96297
ctu13_v2_f1,Synaptic,latency,botnet,5,0.6156271736478125,0.7852224654809982,0.6825605011183633,0.28616852278297994,114647
ctu13_v2_f1,Synaptic,latency,normal,5,0.7880861367165141,0.5324506474760377,0.6179211922107692,0.11481738056743343,96297
kddcup99_v2,Alpha,latency,dos,5,0.9960533913016242,0.9734711013465012,0.9846327583193191,0.0002351954920902135,229855
kddcup99_v2,Alpha,latency,normal,5,0.7245470293175459,0.985255722608222,0.8350223634000509,0.001967160080807561,60593
kddcup99_v2,Alpha,latency,probe,5,0.9275972935844718,0.7638982237157945,0.8376062664160029,0.014434954372121472,4166
kddcup99_v2,Alpha,latency,r2l,5,0.8318468295866875,0.03120220250841236,0.05979122445974294,0.036444437888620264,16345
kddcup99_v2,Alpha,latency,u2r,5,0.0,0.0,0.0,0.0,70
kddcup99_v2,Lapicque,latency,dos,5,0.997023676949302,0.9729116181940789,0.9848198825984229,0.0007470434766512235,229855
kddcup99_v2,Lapicque,latency,normal,5,0.7257758407750489,0.9884178040367699,0.836974778913319,0.002772147502560668,60593
kddcup99_v2,Lapicque,latency,probe,5,0.9291410021152988,0.7459913586173788,0.8274601773625696,0.008972941442769326,4166
kddcup99_v2,Lapicque,latency,r2l,5,0.9713536067671397,0.05079229122055674,0.09642590461649425,0.015556833553827677,16345
kddcup99_v2,Lapicque,latency,u2r,5,0.8532159017453136,0.1457142857142857,0.24657279932032367,0.0478214823964764,70
kddcup99_v2,Leaky,latency,dos,5,0.9974359175358346,0.9732109373300559,0.9851741672070766,0.0008661281014464633,229855
kddcup99_v2,Leaky,latency,normal,5,0.729006927155449,0.9862162295974782,0.8383217688910435,0.001824593450386048,60593
kddcup99_v2,Leaky,latency,probe,5,0.8815033143011541,0.7897743638982238,0.8319173961054519,0.023193911477065912,4166
kddcup99_v2,Leaky,latency,r2l,5,0.8946613965797419,0.05383909452431936,0.10149778961090568,0.01429218406553397,16345
kddcup99_v2,Leaky,latency,u2r,5,0.6629985784824495,0.4742857142857143,0.5308154706403276,0.09576482464431424,70
kddcup99_v2,LeakyParallel,delta,dos,5,0.9958883010001157,0.9706327902373235,0.9830978547546817,0.0005797949097769883,229855
kddcup99_v2,LeakyParallel,delta,normal,5,0.7315483502836011,0.9924347696928688,0.8422508273940588,0.0010621749461700264,60593
kddcup99_v2,LeakyParallel,delta,probe,5,0.7512218703294702,0.7509361497839654,0.7501096265207232,0.021121474389513967,4166
kddcup99_v2,LeakyParallel,delta,r2l,5,0.7980741685215441,0.027751605995717344,0.05341680226834061,0.01877953989908326,16345
kddcup99_v2,LeakyParallel,delta,u2r,5,0.6065852756196819,0.34285714285714286,0.4125802164765811,0.18277232455881076,70
kddcup99_v2,LeakyParallel,latency,dos,5,0.9984885856360878,0.9729820974092362,0.9855700118089701,0.00046547765723632266,229855
kddcup99_v2,LeakyParallel,latency,normal,5,0.7310711769048795,0.9869555889294143,0.839954275742395,0.002974051279604688,60593
kddcup99_v2,LeakyParallel,latency,probe,5,0.7865239511882601,0.7681709073451752,0.7759308165970447,0.03341482956276722,4166
kddcup99_v2,LeakyParallel,latency,r2l,5,0.912521917649641,0.060666870602630776,0.1135751471948538,0.010035705531093175,16345
kddcup99_v2,LeakyParallel,latency,u2r,5,0.5582191787734715,0.3828571428571429,0.4396576053591986,0.06503961591276008,70
kddcup99_v2,LeakyParallel,rate,dos,5,0.9980134127618395,0.9734693611189662,0.9855883165034334,0.0004710185590614412,229855
kddcup99_v2,LeakyParallel,rate,normal,5,0.7329207196941698,0.9875497169640057,0.8413922073892042,0.003545204855095104,60593
kddcup99_v2,LeakyParallel,rate,probe,5,0.8061657625985346,0.7628420547287565,0.78306793821147,0.032380137733648374,4166
kddcup99_v2,LeakyParallel,rate,r2l,5,0.733975609273984,0.05365555215662282,0.09990556579337206,0.016657290720672936,16345
kddcup99_v2,LeakyParallel,rate,u2r,5,0.5475557640191786,0.25142857142857145,0.33444109829993507,0.16271067288198524,70
kddcup99_v2,RLeaky,latency,dos,5,0.9978781565677236,0.9688586282656457,0.9831539384525856,0.000547772714354719,229855
kddcup99_v2,RLeaky,latency,normal,5,0.7272661149428582,0.9924644760945984,0.8393929538863016,0.0028930971120571386,60593
kddcup99_v2,RLeaky,latency,probe,5,0.7603046760725418,0.7910225636101776,0.7745702130635864,0.017940101763491506,4166
kddcup99_v2,RLeaky,latency,r2l,5,0.5914539785336055,0.034481492811257265,0.06421637297750046,0.053261736020091946,16345
kddcup99_v2,RLeaky,latency,u2r,5,0.4811594202898551,0.11142857142857143,0.137256270932621,0.17543887601535993,70
kddcup99_v2,RSynaptic,latency,dos,5,0.9980429282165162,0.9689743533967066,0.9832918275396679,0.0013148718210465845,229855
kddcup99_v2,RSynaptic,latency,normal,5,0.7225390246180865,0.988671958807123,0.8348988162863972,0.003970040222901214,60593
kddcup99_v2,RSynaptic,latency,probe,5,0.7240206471668262,0.7522803648583773,0.737327192410698,0.02099344335080313,4166
kddcup99_v2,RSynaptic,latency,r2l,5,0.428988481057635,0.02437442643010095,0.045704844231519326,0.05506755178536682,16345
kddcup99_v2,RSynaptic,latency,u2r,5,0.637800405008414,0.24,0.3343457795320816,0.14937514518504885,70
kddcup99_v2,SConv2dLSTM,latency,dos,5,0.9985861571051455,0.9700915794740161,0.9841322324254593,0.0007897926219381896,229855
kddcup99_v2,SConv2dLSTM,latency,normal,5,0.7271818004418485,0.9938936840889212,0.8398669661535859,0.003533994853245503,60593
kddcup99_v2,SConv2dLSTM,latency,probe,5,0.8146094305353395,0.7664426308209313,0.7892444102112999,0.028384361826752424,4166
kddcup99_v2,SConv2dLSTM,latency,r2l,5,0.8092468699221914,0.04756194554909758,0.08923432395416206,0.035647376886562304,16345
kddcup99_v2,SConv2dLSTM,latency,u2r,5,0.6092804363392599,0.24,0.33332922020488687,0.08975396942517377,70
kddcup99_v2,SLSTM,latency,dos,5,0.996465048829962,0.971517695938744,0.9838331628002898,0.00025925670008120495,229855
kddcup99_v2,SLSTM,latency,normal,5,0.7274248655963091,0.985486772399452,0.8370104053029154,0.002424872191267781,60593
kddcup99_v2,SLSTM,latency,probe,5,0.845836723091192,0.7806529044647144,0.8114068817240383,0.007092624562876872,4166
kddcup99_v2,SLSTM,latency,r2l,5,0.8979126825566743,0.05141633527072499,0.09698913484126243,0.02324107206720463,16345
kddcup99_v2,SLSTM,latency,u2r,5,0.5730194518125552,0.3685714285714286,0.4279281691654332,0.05753930350487838,70
kddcup99_v2,Synaptic,latency,dos,5,0.9981132283815711,0.9723164603771943,0.9850455240236442,0.000806305982599989,229855
kddcup99_v2,Synaptic,latency,normal,5,0.7273956197946687,0.983717591140891,0.8363555590422076,0.0018743791166798641,60593
kddcup99_v2,Synaptic,latency,probe,5,0.796012156445433,0.7889582333173308,0.7912485953648914,0.04133027997112188,4166
kddcup99_v2,Synaptic,latency,r2l,5,0.8405487680970873,0.05031508106454573,0.09474154814739084,0.021061121048230002,16345
kddcup99_v2,Synaptic,latency,u2r,5,0.6527272727272727,0.35428571428571426,0.45368620890628897,0.03671992777823481,70
nslkdd_v2,Alpha,latency,dos,5,0.947277407462261,0.763941018766756,0.845738356463843,0.008428761949483034,7460
nslkdd_v2,Alpha,latency,normal,5,0.6343339976333049,0.9347544022242819,0.7557806388045634,0.00712243470343501,9711
nslkdd_v2,Alpha,latency,probe,5,0.743739887661888,0.67393638992152,0.706872964325434,0.019100347267400404,2421
nslkdd_v2,Alpha,latency,r2l,5,0.9777089783281733,0.006932409012131715,0.013701140871980058,0.012237933274821275,2885
nslkdd_v2,Alpha,latency,u2r,5,0.0,0.0,0.0,0.0,67
nslkdd_v2,Lapicque,latency,dos,5,0.9334747644181499,0.7933780160857908,0.8576576725874675,0.005775442994275104,7460
nslkdd_v2,Lapicque,latency,normal,5,0.6444318479767432,0.9510246112655751,0.7682524688787373,0.002876116623066981,9711
nslkdd_v2,Lapicque,latency,probe,5,0.8745799935024706,0.6598099958694754,0.7520954103309864,0.01325417059432339,2421
nslkdd_v2,Lapicque,latency,r2l,5,0.9546521311227194,0.014488734835355285,0.02853094541572591,0.0063980397909595465,2885
nslkdd_v2,Lapicque,latency,u2r,5,0.0,0.0,0.0,0.0,67
nslkdd_v2,Leaky,latency,dos,5,0.9511182504910589,0.8088739946380696,0.8742163289141391,0.020175089856068175,7460
nslkdd_v2,Leaky,latency,normal,5,0.6637382158712765,0.9505715168365771,0.7816430075088628,0.010125440897596255,9711
nslkdd_v2,Leaky,latency,probe,5,0.8134241916479704,0.6523750516315572,0.7230695833885307,0.01456138446909649,2421
nslkdd_v2,Leaky,latency,r2l,5,0.7621905398062923,0.0897053726169844,0.15785590971627692,0.08769074246595662,2885
nslkdd_v2,Leaky,latency,u2r,5,0.808143547273982,0.1761194029850746,0.2818579570282357,0.09252823089243123,67
nslkdd_v2,LeakyParallel,delta,dos,5,0.9136351900987361,0.7977211796246648,0.8513529425300665,0.019008179181837084,7460
nslkdd_v2,LeakyParallel,delta,normal,5,0.6768940757124209,0.9713108845638967,0.7977521514843245,0.00885103359468566,9711
nslkdd_v2,LeakyParallel,delta,probe,5,0.7774622176345091,0.6170177612556794,0.6877894108452969,0.02745452937045663,2421
nslkdd_v2,LeakyParallel,delta,r2l,5,0.896626407490104,0.04922010398613518,0.09318498405579642,0.01665889096607907,2885
nslkdd_v2,LeakyParallel,delta,u2r,5,0.7404761904761905,0.09850746268656715,0.1684222918382305,0.07875761424036268,67
nslkdd_v2,LeakyParallel,latency,dos,5,0.9551556287315452,0.8198927613941018,0.8819921087454731,0.01570396256222562,7460
nslkdd_v2,LeakyParallel,latency,normal,5,0.6820617009915909,0.9351663062506436,0.7887069938539665,0.017533965893030003,9711
nslkdd_v2,LeakyParallel,latency,probe,5,0.7148539969907584,0.6686493184634449,0.6887442347428024,0.026232005437803668,2421
nslkdd_v2,LeakyParallel,latency,r2l,5,0.9164384584857185,0.16374350086655112,0.27533398571455625,0.06581764995147624,2885
nslkdd_v2,LeakyParallel,latency,u2r,5,0.6682051282051282,0.1970149253731343,0.28826891174321234,0.12840741244515386,67
nslkdd_v2,LeakyParallel,rate,dos,5,0.9515110854124729,0.8251206434316354,0.883649816001596,0.017077119286582843,7460
nslkdd_v2,LeakyParallel,rate,normal,5,0.6743645252984594,0.9472556894243642,0.787695294764618,0.007723718145050784,9711
nslkdd_v2,LeakyParallel,rate,probe,5,0.7715895722940046,0.6308963238331268,0.6909041870366824,0.025940401422488366,2421
nslkdd_v2,LeakyParallel,rate,r2l,5,0.6586273792947874,0.09358752166377816,0.16308837620474598,0.03058663921336601,2885
nslkdd_v2,LeakyParallel,rate,u2r,5,0.6633333333333333,0.13134328358208955,0.21008830146761182,0.17317755835428839,67
nslkdd_v2,RLeaky,latency,dos,5,0.9187066387666404,0.7212064343163539,0.8070116141944326,0.0143879607219923,7460
nslkdd_v2,RLeaky,latency,normal,5,0.6390325209773507,0.9481206878797239,0.7632526381514618,0.011340245153705967,9711
nslkdd_v2,RLeaky,latency,probe,5,0.8104158263258201,0.7083849648905411,0.755906387134804,0.050197610587130584,2421
nslkdd_v2,RLeaky,latency,r2l,5,0.5846136908341026,0.04637781629116118,0.08260389147395161,0.1143755333050969,2885
nslkdd_v2,RLeaky,latency,u2r,5,0.2,0.0029850746268656717,0.0058823529411764705,0.013153341044116409,67
nslkdd_v2,RSynaptic,latency,dos,5,0.9380691071795493,0.795603217158177,0.8605153863369063,0.025670210942259176,7460
nslkdd_v2,RSynaptic,latency,normal,5,0.6687973752823002,0.948573782308722,0.7843757009433561,0.009466492972711918,9711
nslkdd_v2,RSynaptic,latency,probe,5,0.767295882649017,0.7075588599752168,0.7358331635918958,0.03649738224502039,2421
nslkdd_v2,RSynaptic,latency,r2l,5,0.6870569627924389,0.043327556325823226,0.07965742058570296,0.06662685442548048,2885
nslkdd_v2,RSynaptic,latency,u2r,5,0.6498550724637682,0.11044776119402985,0.1802523938885999,0.1522732668299531,67
nslkdd_v2,SConv2dLSTM,latency,dos,5,0.9491483695129354,0.7916621983914209,0.8629434049442224,0.009281255800819668,7460
nslkdd_v2,SConv2dLSTM,latency,normal,5,0.6579282444814174,0.9482236638863146,0.7767675499389386,0.012240377565184177,9711
nslkdd_v2,SConv2dLSTM,latency,probe,5,0.8121270698373546,0.6853366377529946,0.7400640830839688,0.05008691471583525,2421
nslkdd_v2,SConv2dLSTM,latency,r2l,5,0.8335298238029015,0.06974003466204506,0.12613322818191336,0.0819350461201658,2885
nslkdd_v2,SConv2dLSTM,latency,u2r,5,0.8323076923076924,0.1970149253731343,0.31337027622722075,0.05896425750755026,67
nslkdd_v2,SLSTM,latency,dos,5,0.9693094880884721,0.7656300268096514,0.8546997129321413,0.030002198847239255,7460
nslkdd_v2,SLSTM,latency,normal,5,0.6562835456818167,0.962763876016888,0.7804522085335208,0.00900329521547928,9711
nslkdd_v2,SLSTM,latency,probe,5,0.7944169875501075,0.6437009500206526,0.7110469915220998,0.013315633552437516,2421
nslkdd_v2,SLSTM,latency,r2l,5,0.8794011294517384,0.12741767764298093,0.2189015246826133,0.07461968274809935,2885
nslkdd_v2,SLSTM,latency,u2r,5,0.671439393939394,0.11940298507462685,0.20115457468381362,0.04966808739042342,67
nslkdd_v2,Synaptic,latency,dos,5,0.9630423368291389,0.8161394101876676,0.8832441209757468,0.02284086552178158,7460
nslkdd_v2,Synaptic,latency,normal,5,0.6715221934438963,0.9374111831943157,0.7824324615786711,0.01334760111007425,9711
nslkdd_v2,Synaptic,latency,probe,5,0.7321036299439578,0.703097893432466,0.7164197813519184,0.025754003609014343,2421
nslkdd_v2,Synaptic,latency,r2l,5,0.8921337217062018,0.09310225303292893,0.16767259617611513,0.03208035288089598,2885
nslkdd_v2,Synaptic,latency,u2r,5,0.7336099439775909,0.20298507462686563,0.2892255110504472,0.12290256957813302,67
