protocol,seed,winning_variant,winning_encoding,timing_premium_pp,latency_wins,status
cicids2017_v2,42,Leaky/latency,latency,29.990264,True,latency wins
cicids2017_v2,43,Leaky/latency,latency,29.990264,True,latency wins
cicids2017_v2,44,Leaky/latency,latency,29.990264,True,latency wins
cicids2017_v2,45,LeakyParallel/latency,latency,29.990264,True,latency wins
cicids2017_v2,46,LeakyParallel/latency,latency,29.990264,True,latency wins
ctu13_v2_f0,42,LeakyParallel/latency,latency,54.515539,True,latency wins
ctu13_v2_f0,43,Synaptic/latency,latency,54.515539,True,latency wins
ctu13_v2_f0,44,Synaptic/latency,latency,54.515539,True,latency wins
ctu13_v2_f0,45,Synaptic/latency,latency,54.515539,True,latency wins
ctu13_v2_f0,46,Synaptic/latency,latency,54.515539,True,latency wins
ctu13_v2_f1,42,RLeaky/latency,latency,-9.016145,True,latency wins
ctu13_v2_f1,43,RSynaptic/latency,latency,-9.016145,True,latency wins
ctu13_v2_f1,44,RSynaptic/latency,latency,-9.016145,True,latency wins
ctu13_v2_f1,45,RSynaptic/latency,latency,-9.016145,True,latency wins
ctu13_v2_f1,46,SLSTM/delta,delta,-9.016145,False,ALLOWED exception
kddcup99_v2,42,Leaky/latency,latency,-0.057337,True,latency wins
kddcup99_v2,43,Leaky/latency,latency,-0.057337,True,latency wins
kddcup99_v2,44,Leaky/latency,latency,-0.057337,True,latency wins
kddcup99_v2,45,Leaky/latency,latency,-0.057337,True,latency wins
kddcup99_v2,46,SLSTM/latency,latency,-0.057337,True,latency wins
nslkdd_v2,42,Leaky/rate,rate,1.169928,False,ALLOWED exception
nslkdd_v2,43,LeakyParallel/latency,latency,1.169928,True,latency wins
nslkdd_v2,44,LeakyParallel/latency,latency,1.169928,True,latency wins
nslkdd_v2,45,Synaptic/rate,rate,1.169928,False,ALLOWED exception
nslkdd_v2,46,LeakyParallel/latency,latency,1.169928,True,latency wins
