population,protocol,variant,n,pct_excluded,f1_official,f1_official_sd,f1_dedup,f1_dedup_sd,delta_pp,denominator_factor,denominator_corrected
encoding_axis_lp,cicids2017_v2,LeakyParallel/delta,5,10.86157074,0.49807277,0.00869932,0.49557680,0.00870093,-0.24959672,0.80000000,True
encoding_axis_lp,cicids2017_v2,LeakyParallel/latency,5,10.86157074,0.78423180,0.00297494,0.78384429,0.00184422,-0.03875105,1.00000000,False
encoding_axis_lp,cicids2017_v2,LeakyParallel/rate,5,10.86157074,0.72769628,0.01531541,0.74522373,0.02240797,1.75274531,1.00000000,False
encoding_axis_lp,ctu13_v2_f0,LeakyParallel/delta,5,0.00054908,0.59381098,0.00477667,0.59381427,0.00477669,0.00032902,1.00000000,False
encoding_axis_lp,ctu13_v2_f0,LeakyParallel/latency,5,0.00054908,0.99854030,0.00132633,0.99854142,0.00132445,0.00011219,1.00000000,False
encoding_axis_lp,ctu13_v2_f0,LeakyParallel/rate,5,0.00054908,0.98758481,0.00177652,0.98758756,0.00177578,0.00027535,1.00000000,False
encoding_axis_lp,ctu13_v2_f1,LeakyParallel/delta,5,0.00094812,0.88253385,0.00668800,0.88254045,0.00668628,0.00065972,1.00000000,False
encoding_axis_lp,ctu13_v2_f1,LeakyParallel/latency,5,0.00094812,0.77021965,0.00406370,0.77022205,0.00406742,0.00024071,1.00000000,False
encoding_axis_lp,ctu13_v2_f1,LeakyParallel/rate,5,0.00094812,0.77504855,0.00499272,0.77505187,0.00499663,0.00033227,1.00000000,False
encoding_axis_lp,kddcup99_v2,LeakyParallel/delta,5,57.53000524,0.60829107,0.03649288,0.59669821,0.03647136,-1.15928603,1.00000000,False
encoding_axis_lp,kddcup99_v2,LeakyParallel/latency,5,57.53000524,0.63093757,0.01192605,0.62340450,0.01199836,-0.75330680,1.00000000,False
encoding_axis_lp,kddcup99_v2,LeakyParallel/rate,5,57.53000524,0.60887903,0.04003404,0.60092695,0.04108021,-0.79520731,1.00000000,False
encoding_axis_lp,nslkdd_v2,LeakyParallel/delta,5,2.68364088,0.51970036,0.01597256,0.51635011,0.01650814,-0.33502442,1.00000000,False
encoding_axis_lp,nslkdd_v2,LeakyParallel/latency,5,2.68364088,0.58460925,0.02785345,0.58097235,0.02795142,-0.36368950,1.00000000,False
encoding_axis_lp,nslkdd_v2,LeakyParallel/rate,5,2.68364088,0.54708520,0.02929455,0.54309248,0.02935588,-0.39927141,1.00000000,False
neuron_axis_latency,cicids2017_v2,Alpha/latency,5,10.86157074,0.77038417,0.00353032,0.77012725,0.00332209,-0.02569225,1.00000000,False
neuron_axis_latency,cicids2017_v2,Lapicque/latency,5,10.86157074,0.77847788,0.00090959,0.78049390,0.00118027,0.20160177,1.00000000,False
neuron_axis_latency,cicids2017_v2,Leaky/latency,5,10.86157074,0.78381668,0.00083330,0.78541243,0.00103304,0.15957527,1.00000000,False
neuron_axis_latency,cicids2017_v2,LeakyParallel/latency,5,10.86157074,0.78423180,0.00297494,0.78384429,0.00184422,-0.03875105,1.00000000,False
neuron_axis_latency,cicids2017_v2,RLeaky/latency,5,10.86157074,0.77756664,0.00603761,0.77650748,0.00541754,-0.10591672,1.00000000,False
neuron_axis_latency,cicids2017_v2,RSynaptic/latency,5,10.86157074,0.77654724,0.00391127,0.77645102,0.00339470,-0.00962116,1.00000000,False
neuron_axis_latency,cicids2017_v2,SConv2dLSTM/latency,5,10.86157074,0.77509742,0.00353904,0.77328211,0.00445870,-0.18153086,1.00000000,False
neuron_axis_latency,cicids2017_v2,SLSTM/latency,5,10.86157074,0.77811969,0.00419413,0.78129200,0.00135353,0.31723058,1.00000000,False
neuron_axis_latency,cicids2017_v2,Synaptic/latency,5,10.86157074,0.77918273,0.00461834,0.77786875,0.00661119,-0.13139734,1.00000000,False
neuron_axis_latency,ctu13_v2_f0,Alpha/latency,5,0.00054908,0.99366744,0.00324395,0.99366854,0.00324510,0.00011023,1.00000000,False
neuron_axis_latency,ctu13_v2_f0,Lapicque/latency,5,0.00054908,0.98147354,0.01101552,0.98147905,0.01101560,0.00055120,1.00000000,False
neuron_axis_latency,ctu13_v2_f0,Leaky/latency,5,0.00054908,0.99633414,0.00433231,0.99633413,0.00433233,-0.00000146,1.00000000,False
neuron_axis_latency,ctu13_v2_f0,LeakyParallel/latency,5,0.00054908,0.99854030,0.00132633,0.99854142,0.00132445,0.00011219,1.00000000,False
neuron_axis_latency,ctu13_v2_f0,RLeaky/latency,5,0.00054908,0.98210090,0.01276227,0.98210083,0.01276233,-0.00000734,1.00000000,False
neuron_axis_latency,ctu13_v2_f0,RSynaptic/latency,5,0.00054908,0.96645693,0.01225921,0.96645679,0.01225927,-0.00001413,1.00000000,False
neuron_axis_latency,ctu13_v2_f0,SConv2dLSTM/latency,5,0.00054908,0.97746065,0.04289372,0.97746167,0.04289430,0.00010170,1.00000000,False
neuron_axis_latency,ctu13_v2_f0,SLSTM/latency,5,0.00054908,0.90275252,0.03250754,0.90275751,0.03250774,0.00049916,1.00000000,False
neuron_axis_latency,ctu13_v2_f0,Synaptic/latency,5,0.00054908,0.99950448,0.00011910,0.99950787,0.00012133,0.00033876,1.00000000,False
neuron_axis_latency,ctu13_v2_f1,Alpha/latency,5,0.00094812,0.76080295,0.00372247,0.76080172,0.00372250,-0.00012351,1.00000000,False
neuron_axis_latency,ctu13_v2_f1,Lapicque/latency,5,0.00094812,0.63066470,0.12519321,0.63066383,0.12519129,-0.00008684,1.00000000,False
neuron_axis_latency,ctu13_v2_f1,Leaky/latency,5,0.00094812,0.52882708,0.15382272,0.52882499,0.15382074,-0.00020849,1.00000000,False
neuron_axis_latency,ctu13_v2_f1,LeakyParallel/latency,5,0.00094812,0.77021965,0.00406370,0.77022205,0.00406742,0.00024071,1.00000000,False
neuron_axis_latency,ctu13_v2_f1,RLeaky/latency,5,0.00094812,0.89839420,0.08274640,0.89839348,0.08274683,-0.00007173,1.00000000,False
neuron_axis_latency,ctu13_v2_f1,RSynaptic/latency,5,0.00094812,0.91144218,0.10896028,0.91144526,0.10896207,0.00030845,1.00000000,False
neuron_axis_latency,ctu13_v2_f1,SConv2dLSTM/latency,5,0.00094812,0.57994398,0.27919858,0.57994538,0.27920164,0.00014000,1.00000000,False
neuron_axis_latency,ctu13_v2_f1,SLSTM/latency,5,0.00094812,0.31606890,0.13733670,0.31607174,0.13733810,0.00028447,1.00000000,False
neuron_axis_latency,ctu13_v2_f1,Synaptic/latency,5,0.00094812,0.65024085,0.20038984,0.65024374,0.20038970,0.00028893,1.00000000,False
neuron_axis_latency,kddcup99_v2,Alpha/latency,5,57.53000524,0.54341052,0.00859834,0.53411669,0.01038915,-0.92938342,1.00000000,False
neuron_axis_latency,kddcup99_v2,Lapicque/latency,5,57.53000524,0.59845071,0.00964040,0.59054671,0.00988235,-0.79039952,1.00000000,False
neuron_axis_latency,kddcup99_v2,Leaky/latency,5,57.53000524,0.65754532,0.02010613,0.65042535,0.02028689,-0.71199695,1.00000000,False
neuron_axis_latency,kddcup99_v2,LeakyParallel/latency,5,57.53000524,0.63093757,0.01192605,0.62340450,0.01199836,-0.75330680,1.00000000,False
neuron_axis_latency,kddcup99_v2,RLeaky/latency,5,57.53000524,0.55971795,0.04379910,0.54871427,0.04562324,-1.10036838,1.00000000,False
neuron_axis_latency,kddcup99_v2,RSynaptic/latency,5,57.53000524,0.58711369,0.03735492,0.57455674,0.03911998,-1.25569562,1.00000000,False
neuron_axis_latency,kddcup99_v2,SConv2dLSTM/latency,5,57.53000524,0.60716143,0.02837431,0.59797048,0.03036292,-0.91909523,1.00000000,False
neuron_axis_latency,kddcup99_v2,SLSTM/latency,5,57.53000524,0.63143355,0.01197840,0.62277780,0.01235955,-0.86557506,1.00000000,False
neuron_axis_latency,kddcup99_v2,Synaptic/latency,5,57.53000524,0.63221549,0.01229264,0.62388913,0.01353309,-0.83263591,1.00000000,False
neuron_axis_latency,nslkdd_v2,Alpha/latency,5,2.68364088,0.46441862,0.00561903,0.46027126,0.00587527,-0.41473583,1.00000000,False
neuron_axis_latency,nslkdd_v2,Lapicque/latency,5,2.68364088,0.48130730,0.00179189,0.47741215,0.00197188,-0.38951532,1.00000000,False
neuron_axis_latency,nslkdd_v2,Leaky/latency,5,2.68364088,0.56372856,0.02318390,0.55983251,0.02338190,-0.38960448,1.00000000,False
neuron_axis_latency,nslkdd_v2,LeakyParallel/latency,5,2.68364088,0.58460925,0.02785345,0.58097235,0.02795142,-0.36368950,1.00000000,False
neuron_axis_latency,nslkdd_v2,RLeaky/latency,5,2.68364088,0.48293138,0.02646137,0.47997769,0.02609916,-0.29536878,1.00000000,False
neuron_axis_latency,nslkdd_v2,RSynaptic/latency,5,2.68364088,0.52812681,0.03057195,0.52472516,0.03028485,-0.34016503,1.00000000,False
neuron_axis_latency,nslkdd_v2,SConv2dLSTM/latency,5,2.68364088,0.56385571,0.01921526,0.56005247,0.01897116,-0.38032340,1.00000000,False
neuron_axis_latency,nslkdd_v2,SLSTM/latency,5,2.68364088,0.55325100,0.01547216,0.54984713,0.01589309,-0.34038756,1.00000000,False
neuron_axis_latency,nslkdd_v2,Synaptic/latency,5,2.68364088,0.56779889,0.01980443,0.56418185,0.01960614,-0.36170463,1.00000000,False
