arm,protocol,n,f1,f1sd,mcc,dr,far,sops,in_spk,is_baseline,timing_premium_pp
BASELINE_latency_thr001,cicids2017_v2,3,0.78246647,0.00233674,0.98092002,0.97405204,0.00062918,6905.96539563,39.90437727,True,29.99024738
A_latency_thr000,cicids2017_v2,3,0.78461900,0.00346700,0.98269000,0.97669900,0.00056900,6779.33574400,39.96810000,False,29.99024738
B_latency_thr005,cicids2017_v2,3,0.78481200,0.00141400,0.98146300,0.97613000,0.00073200,6485.06853900,37.96107600,False,29.99024738
C_delta_thr001,cicids2017_v2,3,0.48256400,0.00172200,0.75505600,0.65715300,0.00636900,5395.70839800,39.90437700,False,29.99024738
BASELINE_latency_thr001,ctu13_v2_f0,3,0.99946219,0.00041910,0.99892488,0.99977277,0.00093709,3393.85205298,22.23277867,True,54.51551895
A_latency_thr000,ctu13_v2_f0,3,0.99896500,0.00044700,0.99793100,0.99919000,0.00128000,3459.29729700,22.85908000,False,54.51551895
B_latency_thr005,ctu13_v2_f0,3,0.99855800,0.00124200,0.99712200,0.99790500,0.00042900,3327.06177700,21.36245900,False,54.51551895
C_delta_thr001,ctu13_v2_f0,3,0.45430700,0.04187300,0.26729600,0.16396200,0.00260700,2986.12401800,22.23277900,False,54.51551895
BASELINE_latency_thr001,ctu13_v2_f1,3,0.77099597,0.00548490,0.62177523,0.99542654,0.45352399,3111.56013602,20.65201191,True,-9.01610292
A_latency_thr000,ctu13_v2_f1,3,0.76777600,0.00185400,0.61653900,0.99454600,0.45844300,3161.56608100,20.99946900,False,-9.01610292
B_latency_thr005,ctu13_v2_f1,3,0.77173400,0.00702800,0.62224800,0.99461800,0.45141600,2914.38052800,19.46724700,False,-9.01610292
C_delta_thr001,ctu13_v2_f1,3,0.86115700,0.00008100,0.75391200,0.99628700,0.28561600,2834.26755900,20.65201200,False,-9.01610292
BASELINE_latency_thr001,kddcup99_v2,3,0.63940908,0.00247091,0.82692175,0.91152630,0.01186606,2989.81806412,12.49057805,True,-0.05729236
A_latency_thr000,kddcup99_v2,3,0.63940900,0.00247100,0.82692200,0.91152600,0.01186600,2989.81806400,12.49057800,False,-0.05729236
B_latency_thr005,kddcup99_v2,3,0.64559900,0.03027700,0.82483500,0.91129300,0.01214700,2599.94431700,12.08613000,False,-0.05729236
C_delta_thr001,kddcup99_v2,3,0.63998200,0.00683300,0.82321200,0.91199200,0.00785000,1998.76297000,12.49057800,False,-0.05729236
BASELINE_latency_thr001,nslkdd_v2,3,0.58176572,0.02555194,0.66259042,0.67160186,0.06089315,3400.44291164,14.58015436,True,1.16997239
A_latency_thr000,nslkdd_v2,3,0.58176600,0.02555200,0.66259000,0.67160200,0.06089300,3400.44291200,14.58015400,False,1.16997239
B_latency_thr005,nslkdd_v2,3,0.58776200,0.01632200,0.65147100,0.65292600,0.05540100,3329.18643500,13.56028200,False,1.16997239
C_delta_thr001,nslkdd_v2,3,0.57006600,0.01481200,0.65383300,0.68251100,0.03305500,2530.85285100,14.58015400,False,1.16997239
