protocol,neuron,encoding,variant,seed,pct_excluded,f1_official,f1_dedup,delta_pp,denominator_factor,denominator_corrected,mcc_official,mcc_dedup
cicids2017_v2,Alpha,latency,Alpha/latency,42,10.861570744252427,0.7719589949764927,0.7686672840030387,-0.3291710973453932,1.0,False,0.9544475659482639,0.936053744313604
cicids2017_v2,Alpha,latency,Alpha/latency,43,10.861570744252427,0.7656041457516544,0.7675615154335877,0.19573696819333852,1.0,False,0.9453940357269252,0.9268912133130023
cicids2017_v2,Alpha,latency,Alpha/latency,44,10.861570744252427,0.7706474604914584,0.7678648363961733,-0.2782624095285069,1.0,False,0.9514062126631505,0.931894069815284
cicids2017_v2,Alpha,latency,Alpha/latency,45,10.861570744252427,0.7750274281202942,0.7709754137475169,-0.4052014372777357,1.0,False,0.9591870713248254,0.9457770354534855
cicids2017_v2,Alpha,latency,Alpha/latency,46,10.861570744252427,0.7686828095789657,0.7755671767311121,0.6884367152146353,1.0,False,0.9615209664381076,0.9513703515491092
cicids2017_v2,Lapicque,latency,Lapicque/latency,42,10.861570744252427,0.7781599478228038,0.7801899062624736,0.2029958439669799,1.0,False,0.9769234857481754,0.970564978287564
cicids2017_v2,Lapicque,latency,Lapicque/latency,43,10.861570744252427,0.7770497515155249,0.7814380868592383,0.4388335343713412,1.0,False,0.9760001116732264,0.969986999055136
cicids2017_v2,Lapicque,latency,Lapicque/latency,44,10.861570744252427,0.7792892510889192,0.7805533126032028,0.12640615142835987,1.0,False,0.9740237923028581,0.9668584019725126
cicids2017_v2,Lapicque,latency,Lapicque/latency,45,10.861570744252427,0.779137131379126,0.7816171804716452,0.24800490925191987,1.0,False,0.9724368374986815,0.9652824559131221
cicids2017_v2,Lapicque,latency,Lapicque/latency,46,10.861570744252427,0.778753319160676,0.7786710032457602,-0.008231591491580925,1.0,False,0.9741142517256842,0.9649331474074656
cicids2017_v2,Leaky,latency,Leaky/latency,42,10.861570744252427,0.7843883510280355,0.7864212983420122,0.20329473139767407,1.0,False,0.9832868091329168,0.9789921044149955
cicids2017_v2,Leaky,latency,Leaky/latency,43,10.861570744252427,0.7825033422419742,0.7840060083976172,0.15026661556430954,1.0,False,0.9801279130645988,0.9758615636699014
cicids2017_v2,Leaky,latency,Leaky/latency,44,10.861570744252427,0.7846523021091201,0.7863768630080344,0.17245608989143735,1.0,False,0.9838511148041175,0.9794765998379792
cicids2017_v2,Leaky,latency,Leaky/latency,45,10.861570744252427,0.7838774612367969,0.7854307029205745,0.1553241683777573,1.0,False,0.9832290017209174,0.9795199422053795
cicids2017_v2,Leaky,latency,Leaky/latency,46,10.861570744252427,0.7836619439789778,0.7848272914314322,0.1165347452454335,1.0,False,0.9826303721033317,0.9773634397364137
cicids2017_v2,LeakyParallel,latency,LeakyParallel/latency,42,10.861570744252427,0.7837218496026104,0.7845585709165329,0.08367213139225393,1.0,False,0.9840361472007909,0.9796148548110383
cicids2017_v2,LeakyParallel,latency,LeakyParallel/latency,43,10.861570744252427,0.779770363653216,0.7810188731810687,0.12485095278527147,1.0,False,0.9757518473112226,0.9702409713897514
cicids2017_v2,LeakyParallel,latency,LeakyParallel/latency,44,10.861570744252427,0.7839072081047407,0.7853774824392203,0.14702743344796598,1.0,False,0.982972078445686,0.9786484777152382
cicids2017_v2,LeakyParallel,latency,LeakyParallel/latency,45,10.861570744252427,0.7876239592554525,0.7852720768747454,-0.23518823807070488,1.0,False,0.9825771302233847,0.9778099133018671
cicids2017_v2,LeakyParallel,latency,LeakyParallel/latency,46,10.861570744252427,0.7861356391572694,0.7829944639653824,-0.3141175191886947,1.0,False,0.9807845551319164,0.9739551288086538
cicids2017_v2,RLeaky,latency,RLeaky/latency,42,10.861570744252427,0.7694292651784957,0.771610741890296,0.21814767118002454,1.0,False,0.9514175746626837,0.9346892291313403
cicids2017_v2,RLeaky,latency,RLeaky/latency,43,10.861570744252427,0.7737630081961886,0.7756099411578832,0.18469329616945807,1.0,False,0.9599582150486602,0.945973198195118
cicids2017_v2,RLeaky,latency,RLeaky/latency,44,10.861570744252427,0.7820740061301164,0.7826918266021775,0.06178204720611591,1.0,False,0.9799402311105547,0.9734603994177117
cicids2017_v2,RLeaky,latency,RLeaky/latency,45,10.861570744252427,0.7783525834722016,0.7711022072863951,-0.7250376185806484,1.0,False,0.9738350990177463,0.9640942949617334
cicids2017_v2,RLeaky,latency,RLeaky/latency,46,10.861570744252427,0.7842143590755095,0.7815226692084782,-0.2691689867031277,1.0,False,0.9759753886186383,0.9686120240031336
cicids2017_v2,RSynaptic,latency,RSynaptic/latency,42,10.861570744252427,0.7733317130879845,0.781052554853139,0.7720841765154418,1.0,False,0.9717103939006155,0.9641561575656616
cicids2017_v2,RSynaptic,latency,RSynaptic/latency,43,10.861570744252427,0.7765376409202063,0.7738743721021726,-0.2663268818033693,1.0,False,0.959210519885528,0.9450914676349063
cicids2017_v2,RSynaptic,latency,RSynaptic/latency,44,10.861570744252427,0.7730646366559836,0.7743358953290584,0.1271258673074871,1.0,False,0.9602227571736794,0.9454437420778586
cicids2017_v2,RSynaptic,latency,RSynaptic/latency,45,10.861570744252427,0.777052664007436,0.7738689048315426,-0.3183759175893419,1.0,False,0.9600455100070115,0.9446133372780254
cicids2017_v2,RSynaptic,latency,RSynaptic/latency,46,10.861570744252427,0.7827495243227501,0.7791233940261162,-0.3626130296633945,1.0,False,0.9769323816773858,0.9691023209797764
cicids2017_v2,SConv2dLSTM,latency,SConv2dLSTM/latency,42,10.861570744252427,0.7773346700476289,0.7744789194317013,-0.2855750615927577,1.0,False,0.9607454369746609,0.9464455396768063
cicids2017_v2,SConv2dLSTM,latency,SConv2dLSTM/latency,43,10.861570744252427,0.773066017531993,0.7698647726207983,-0.3201244911194667,1.0,False,0.9534591630622941,0.9353489892411938
cicids2017_v2,SConv2dLSTM,latency,SConv2dLSTM/latency,44,10.861570744252427,0.7701830354549559,0.7674836674396672,-0.26993680152886945,1.0,False,0.9475053062968666,0.9276615823360733
cicids2017_v2,SConv2dLSTM,latency,SConv2dLSTM/latency,45,10.861570744252427,0.7757588710387917,0.7778552911101289,0.20964200713371461,1.0,False,0.9655478618701283,0.9547940723388814
cicids2017_v2,SConv2dLSTM,latency,SConv2dLSTM/latency,46,10.861570744252427,0.779144489649954,0.7767278900096733,-0.24165996402806256,1.0,False,0.9639262707245704,0.949922157728122
cicids2017_v2,SLSTM,latency,SLSTM/latency,42,10.861570744252427,0.7798026091434547,0.7817958836105142,0.1993274467059547,1.0,False,0.9755769962764789,0.9696887892223506
cicids2017_v2,SLSTM,latency,SLSTM/latency,43,10.861570744252427,0.7785065959743896,0.7802286913174263,0.17220953430366892,1.0,False,0.9742093330248379,0.9683160186223371
cicids2017_v2,SLSTM,latency,SLSTM/latency,44,10.861570744252427,0.7814187183295616,0.7828518909540152,0.1433172624453638,1.0,False,0.9769524984676575,0.9686116149464252
cicids2017_v2,SLSTM,latency,SLSTM/latency,45,10.861570744252427,0.7800224777129586,0.7820185157091213,0.19960379961626584,1.0,False,0.9750002088779579,0.9686980253507479
cicids2017_v2,SLSTM,latency,SLSTM/latency,46,10.861570744252427,0.7708480554566418,0.779565003878726,0.8716948422084148,1.0,False,0.9708352027912046,0.9650396845544278
cicids2017_v2,Synaptic,latency,Synaptic/latency,42,10.861570744252427,0.7842364201809829,0.7859517491826316,0.17153290016486133,1.0,False,0.983189788610291,0.9791049100925107
cicids2017_v2,Synaptic,latency,Synaptic/latency,43,10.861570744252427,0.7795013234877478,0.7816890332677285,0.21877097799807288,1.0,False,0.9723127383869222,0.9651764590781985
cicids2017_v2,Synaptic,latency,Synaptic/latency,44,10.861570744252427,0.7747694368023577,0.77142928375489,-0.3340153047467709,1.0,False,0.9593317033988009,0.9430239358423139
cicids2017_v2,Synaptic,latency,Synaptic/latency,45,10.861570744252427,0.7742457545061024,0.7707488840880599,-0.3496870418042586,1.0,False,0.9561462313784856,0.9394036082090172
cicids2017_v2,Synaptic,latency,Synaptic/latency,46,10.861570744252427,0.7831606991281258,0.7795248166553812,-0.36358824727446004,1.0,False,0.9776137155180774,0.968900334840579
ctu13_v2_f0,Alpha,latency,Alpha/latency,42,0.000549083990632627,0.9962665448907427,0.9962721672035373,0.0005622312794550943,1.0,False,0.9925555199449847,0.9925666895629829
ctu13_v2_f0,Alpha,latency,Alpha/latency,43,0.000549083990632627,0.9967343824082442,0.996734369562678,-1.28455661663196e-06,1.0,False,0.9934842969340733,0.9934842713650067
ctu13_v2_f0,Alpha,latency,Alpha/latency,44,0.000549083990632627,0.9949245433238549,0.9949245233065666,-2.0017288382412346e-06,1.0,False,0.9898826126828982,0.9898825729123389
ctu13_v2_f0,Alpha,latency,Alpha/latency,45,0.000549083990632627,0.9897665325599148,0.9897664917322356,-4.0827679126387295e-06,1.0,False,0.97972511311724,0.979725032989169
ctu13_v2_f0,Alpha,latency,Alpha/latency,46,0.000549083990632627,0.9906451816873179,0.9906451444346399,-3.725267794241205e-06,1.0,False,0.9814480190076906,0.9814479457541445
ctu13_v2_f0,Lapicque,latency,Lapicque/latency,42,0.000549083990632627,0.9888664154990428,0.9888719814280198,0.0005565928977047108,1.0,False,0.9779693468361942,0.9779802392985055
ctu13_v2_f0,Lapicque,latency,Lapicque/latency,43,0.000549083990632627,0.9704525807720373,0.9704580119371871,0.0005431165149727413,1.0,False,0.9425402932249809,0.9425505520434385
ctu13_v2_f0,Lapicque,latency,Lapicque/latency,44,0.000549083990632627,0.9687968990436109,0.9688023180889476,0.0005419045336685357,1.0,False,0.9394372638267611,0.9394474637216395
ctu13_v2_f0,Lapicque,latency,Lapicque/latency,45,0.000549083990632627,0.9924215610820697,0.9924271539152754,0.0005592833205669834,1.0,False,0.9849495990573366,0.9849606227480394
ctu13_v2_f0,Lapicque,latency,Lapicque/latency,46,0.000549083990632627,0.986830238677276,0.9868357897132267,0.0005551035950679406,1.0,False,0.9739820081155188,0.9739928322808065
ctu13_v2_f0,Leaky,latency,Leaky/latency,42,0.000549083990632627,0.9892897709782436,0.9892897281988655,-4.2779378039981e-06,1.0,False,0.9787946935016991,0.9787946096556768
ctu13_v2_f0,Leaky,latency,Leaky/latency,43,0.000549083990632627,0.9995536733437709,0.9995536715969215,-1.746849331851763e-07,1.0,False,0.9991074998930308,0.999107496400531
ctu13_v2_f0,Leaky,latency,Leaky/latency,44,0.000549083990632627,0.9950160200661518,0.9950160003807869,-1.968536489371786e-06,1.0,False,0.9900786009409644,0.9900785619374505
ctu13_v2_f0,Leaky,latency,Leaky/latency,45,0.000549083990632627,0.9986557919738639,0.9986557867029779,-5.270885949926196e-07,1.0,False,0.9973145289539134,0.9973145184352274
ctu13_v2_f0,Leaky,latency,Leaky/latency,46,0.000549083990632627,0.9991554435303811,0.9991554402231884,-3.307192741885956e-07,1.0,False,0.9983114686744798,0.998311462064648
ctu13_v2_f0,LeakyParallel,latency,LeakyParallel/latency,42,0.000549083990632627,0.9997372740479755,0.9997372730200518,-1.0279237461219282e-07,1.0,False,0.9994745723666305,0.9994745703109731
ctu13_v2_f0,LeakyParallel,latency,LeakyParallel/latency,43,0.000549083990632627,0.9996694568673508,0.9996694555744848,-1.2928659254285435e-07,1.0,False,0.9993389173251562,0.9993389147394524
ctu13_v2_f0,LeakyParallel,latency,LeakyParallel/latency,44,0.000549083990632627,0.9989798375571024,0.9989798335734359,-3.983666507778594e-07,1.0,False,0.997961159334481,0.997961151378736
ctu13_v2_f0,LeakyParallel,latency,LeakyParallel/latency,45,0.000549083990632627,0.9967630174542033,0.9967686429788488,0.0005625524645558322,1.0,False,0.9935461280161914,0.9935573080342958
ctu13_v2_f0,LeakyParallel,latency,LeakyParallel/latency,46,0.000549083990632627,0.9975518906341159,0.9975518810282855,-9.605830353365263e-07,1.0,False,0.9951085404812301,0.9951085213068883
ctu13_v2_f0,RLeaky,latency,RLeaky/latency,42,0.000549083990632627,0.9860335124022239,0.9860334562950135,-5.610721043325384e-06,1.0,False,0.9724153571447198,0.9724152477161342
ctu13_v2_f0,RLeaky,latency,RLeaky/latency,43,0.000549083990632627,0.9863173497786166,0.986317294818771,-5.495984567449597e-06,1.0,False,0.9729797638293686,0.9729796566692877
ctu13_v2_f0,RLeaky,latency,RLeaky/latency,44,0.000549083990632627,0.9625546017307618,0.9625544440352662,-1.576954955506693e-05,1.0,False,0.9277058666863135,0.9277055728821032
ctu13_v2_f0,RLeaky,latency,RLeaky/latency,45,0.000549083990632627,0.9785460760811427,0.9785459895076614,-8.657348138374488e-06,1.0,False,0.9575635938325023,0.9575634244630198
ctu13_v2_f0,RLeaky,latency,RLeaky/latency,46,0.000549083990632627,0.9970529600497338,0.9970529485322395,-1.1517494291624075e-06,1.0,False,0.9941063225472995,0.9941062995154535
ctu13_v2_f0,RSynaptic,latency,RSynaptic/latency,42,0.000549083990632627,0.986540386964273,0.9865403330245976,-5.393967539291111e-06,1.0,False,0.9733686814115448,0.9733685758295766
ctu13_v2_f0,RSynaptic,latency,RSynaptic/latency,43,0.000549083990632627,0.9581912982676768,0.958191120617433,-1.776502438488592e-05,1.0,False,0.919628389206596,0.9196280610858792
ctu13_v2_f0,RSynaptic,latency,RSynaptic/latency,44,0.000549083990632627,0.9684953314908634,0.9684952002725967,-1.312182666968198e-05,1.0,False,0.9388813203321105,0.9388810734750628
ctu13_v2_f0,RSynaptic,latency,RSynaptic/latency,45,0.000549083990632627,0.9633586383262953,0.9633584841263524,-1.5419994292553696e-05,1.0,False,0.9292665557057956,0.9292662684903231
ctu13_v2_f0,RSynaptic,latency,RSynaptic/latency,46,0.000549083990632627,0.9556990144252135,0.9556988250567335,-1.893684800080564e-05,1.0,False,0.9151182678181531,0.9151179203905675
ctu13_v2_f0,SConv2dLSTM,latency,SConv2dLSTM/latency,42,0.000549083990632627,0.9996864214844918,0.9996864202576614,-1.2268304150353515e-07,1.0,False,0.9993728583031436,0.9993728558496026
ctu13_v2_f0,SConv2dLSTM,latency,SConv2dLSTM/latency,43,0.000549083990632627,0.9011397718680181,0.9011392998166086,-4.720514095168937e-05,1.0,False,0.8199997485326143,0.8199989671515361
ctu13_v2_f0,SConv2dLSTM,latency,SConv2dLSTM/latency,44,0.000549083990632627,0.9992542884297531,0.9992542855100056,-2.919747443819176e-07,1.0,False,0.9985090268978312,0.9985090210618598
ctu13_v2_f0,SConv2dLSTM,latency,SConv2dLSTM/latency,45,0.000549083990632627,0.9983000010213099,0.9982999943546247,-6.666685203882139e-07,1.0,False,0.9966031974895471,0.9966031841812257
ctu13_v2_f0,SConv2dLSTM,latency,SConv2dLSTM/latency,46,0.000549083990632627,0.9889227883317193,0.9889283559498463,0.0005567618126978147,1.0,False,0.9780494504923888,0.9780603631435313
ctu13_v2_f0,SLSTM,latency,SLSTM/latency,42,0.000549083990632627,0.9056948940370897,0.9056998985659708,0.0005004528881080716,1.0,False,0.8244997756082645,0.8245082822678814
ctu13_v2_f0,SLSTM,latency,SLSTM/latency,43,0.000549083990632627,0.9129334278137852,0.9129384800452134,0.0005052231428215315,1.0,False,0.8364000438719474,0.8364087764121689
ctu13_v2_f0,SLSTM,latency,SLSTM/latency,44,0.000549083990632627,0.9171681372568083,0.9171732194621618,0.0005082205353446057,1.0,False,0.8430461871198058,0.8430550866994247
ctu13_v2_f0,SLSTM,latency,SLSTM/latency,45,0.000549083990632627,0.8469851671568914,0.8469898187711884,0.0004651614296968809,1.0,False,0.7342391883709107,0.7342461940086893
ctu13_v2_f0,SLSTM,latency,SLSTM/latency,46,0.000549083990632627,0.9309809745133513,0.9309861417777896,0.0005167264438332708,1.0,False,0.8689407562177848,0.8689499354567204
ctu13_v2_f0,Synaptic,latency,Synaptic/latency,42,0.000549083990632627,0.9995536521919592,0.9995592996041378,0.0005647412178566569,1.0,False,0.9991073411414014,0.9991186329670385
ctu13_v2_f0,Synaptic,latency,Synaptic/latency,43,0.000549083990632627,0.9996892597742332,0.9996949078242987,0.000564805006553204,1.0,False,0.9993786117053992,0.9993899030205085
ctu13_v2_f0,Synaptic,latency,Synaptic/latency,44,0.000549083990632627,0.9994264706657354,0.9994264684230005,-2.2427348866926877e-07,1.0,False,0.998852993168812,0.9988529886837476
ctu13_v2_f0,Synaptic,latency,Synaptic/latency,45,0.000549083990632627,0.9993954506758336,0.9993954483104484,-2.3653852210259174e-07,1.0,False,0.9987909322333712,0.9987909275028423
ctu13_v2_f0,Synaptic,latency,Synaptic/latency,46,0.000549083990632627,0.9994575645794375,0.9994632118297166,0.000564725027918378,1.0,False,0.9989151399440704,0.9989264361679254
ctu13_v2_f1,Alpha,latency,Alpha/latency,42,0.0009481189320388349,0.7629632324355747,0.7629620082170312,-0.0001224218543538491,1.0,False,0.6076731006971041,0.6076714739919207
ctu13_v2_f1,Alpha,latency,Alpha/latency,43,0.0009481189320388349,0.7592661283944923,0.7592648931316515,-0.00012352628407930055,1.0,False,0.6026361972282693,0.6026345672600508
ctu13_v2_f1,Alpha,latency,Alpha/latency,44,0.0009481189320388349,0.7619992473153511,0.7619980262165416,-0.00012210988095118225,1.0,False,0.6084936394159725,0.6084920422546076
ctu13_v2_f1,Alpha,latency,Alpha/latency,45,0.0009481189320388349,0.7646528909040549,0.7646516827793772,-0.00012081246776318721,1.0,False,0.6138988622750623,0.6138972929879801
ctu13_v2_f1,Alpha,latency,Alpha/latency,46,0.0009481189320388349,0.7551332732674735,0.7551319864526558,-0.00012868148177025418,1.0,False,0.5839380026280955,0.5839361772005522
ctu13_v2_f1,Lapicque,latency,Lapicque/latency,42,0.0009481189320388349,0.5661691961076009,0.566165670167188,-0.00035259404128629157,1.0,False,0.13245481346930196,0.1324477628690289
ctu13_v2_f1,Lapicque,latency,Lapicque/latency,43,0.0009481189320388349,0.44278458107079477,0.44278877674412687,0.00041956733320969164,1.0,False,-0.09799883994064389,-0.09799232777540505
ctu13_v2_f1,Lapicque,latency,Lapicque/latency,44,0.0009481189320388349,0.6842443749569209,0.6842424026067491,-0.00019723501718527103,1.0,False,0.3894409516187187,0.38943723771418765
ctu13_v2_f1,Lapicque,latency,Lapicque/latency,45,0.0009481189320388349,0.7126837655138231,0.7126821017743366,-0.0001663739486512661,1.0,False,0.46407092119408483,0.4640680067758714
ctu13_v2_f1,Lapicque,latency,Lapicque/latency,46,0.0009481189320388349,0.7474415955154673,0.7474402197045806,-0.00013758108866612773,1.0,False,0.5544641210246469,0.5544619885798938
ctu13_v2_f1,Leaky,latency,Leaky/latency,42,0.0009481189320388349,0.6215847083068969,0.6215819853542457,-0.00027229526512462243,1.0,False,0.24637748684560748,0.24637207715259898
ctu13_v2_f1,Leaky,latency,Leaky/latency,43,0.0009481189320388349,0.2768937616024165,0.27689622591064106,0.0002464308224536804,1.0,False,-0.40065011012539764,-0.4006471722687724
ctu13_v2_f1,Leaky,latency,Leaky/latency,44,0.0009481189320388349,0.6783867444316525,0.6783846924883641,-0.0002051943288394753,1.0,False,0.37396800186914486,0.3739640890844556
ctu13_v2_f1,Leaky,latency,Leaky/latency,45,0.0009481189320388349,0.5424954681824005,0.5424915699312082,-0.0003898251192291369,1.0,False,0.08622313367339712,0.08621535028853941
ctu13_v2_f1,Leaky,latency,Leaky/latency,46,0.0009481189320388349,0.5247746961000708,0.5247704804332037,-0.00042156668670356723,1.0,False,0.05259128733289088,0.05258288731153888
ctu13_v2_f1,LeakyParallel,latency,LeakyParallel/latency,42,0.0009481189320388349,0.7687977061041307,0.7687965144842538,-0.00011916198768835429,1.0,False,0.6209420332541236,0.6209404879207455
ctu13_v2_f1,LeakyParallel,latency,LeakyParallel/latency,43,0.0009481189320388349,0.7772390181833853,0.7772468506308896,0.0007832447504352302,1.0,False,0.6285859128051324,0.6286116451825408
ctu13_v2_f1,LeakyParallel,latency,LeakyParallel/latency,44,0.0009481189320388349,0.7669511879920199,0.7669499834449205,-0.00012045470993982121,1.0,False,0.6157977361851498,0.6157961517078125
ctu13_v2_f1,LeakyParallel,latency,LeakyParallel/latency,45,0.0009481189320388349,0.7682286030606451,0.7682274127963276,-0.00011902643175520922,1.0,False,0.6213116761160834,0.6213101462562881
ctu13_v2_f1,LeakyParallel,latency,LeakyParallel/latency,46,0.0009481189320388349,0.7698817100860729,0.7698894993634433,0.0007789277370440217,1.0,False,0.6231195316256235,0.6231461064992873
ctu13_v2_f1,RLeaky,latency,RLeaky/latency,42,0.0009481189320388349,0.9645274629380745,0.9645271786988592,-2.8423921527576113e-05,1.0,False,0.929073157057896,0.9290725888672051
ctu13_v2_f1,RLeaky,latency,RLeaky/latency,43,0.0009481189320388349,0.942469465469152,0.9424690193127754,-4.4615637662115404e-05,1.0,False,0.885271874051094,0.8852709867785841
ctu13_v2_f1,RLeaky,latency,RLeaky/latency,44,0.0009481189320388349,0.7697174809205476,0.7697162853624635,-0.00011955580840883329,1.0,False,0.6197532233732435,0.6197516442856041
ctu13_v2_f1,RLeaky,latency,RLeaky/latency,45,0.0009481189320388349,0.9542297624199717,0.9542294004350445,-3.619849272551434e-05,1.0,False,0.908482496330612,0.9084817727170437
ctu13_v2_f1,RLeaky,latency,RLeaky/latency,46,0.0009481189320388349,0.861026820430056,0.8610255218492964,-0.00012985807595899956,1.0,False,0.7330629863109549,0.7330605798314889
ctu13_v2_f1,RSynaptic,latency,RSynaptic/latency,42,0.0009481189320388349,0.8764880682107593,0.8764963866966373,0.000831848587801165,1.0,False,0.7790718262219806,0.7790850633051047
ctu13_v2_f1,RSynaptic,latency,RSynaptic/latency,43,0.0009481189320388349,0.9896544523167852,0.9896543684484804,-8.386830474549356e-06,1.0,False,0.9794651956926311,0.9794650304791176
ctu13_v2_f1,RSynaptic,latency,RSynaptic/latency,44,0.0009481189320388349,0.9895123780671617,0.989521824558508,0.0009446491346265518,1.0,False,0.9790541236308309,0.9790728720706666
ctu13_v2_f1,RSynaptic,latency,RSynaptic/latency,45,0.0009481189320388349,0.9663097631059319,0.9663095038190086,-2.5928692326537828e-05,1.0,False,0.9331858087467898,0.933185298772687
ctu13_v2_f1,RSynaptic,latency,RSynaptic/latency,46,0.0009481189320388349,0.7352462258023331,0.7352442266042245,-0.00019991981086153743,1.0,False,0.47153483194635526,0.4715308471360385
ctu13_v2_f1,SConv2dLSTM,latency,SConv2dLSTM/latency,42,0.0009481189320388349,0.34085111555229747,0.3408427152560799,-0.0008400296217569991,1.0,False,-0.27873348628340855,-0.278750514533508
ctu13_v2_f1,SConv2dLSTM,latency,SConv2dLSTM/latency,43,0.0009481189320388349,0.25046246937587163,0.2504646376448261,0.00021682689544944012,1.0,False,-0.45460366632334565,-0.45460115847086724
ctu13_v2_f1,SConv2dLSTM,latency,SConv2dLSTM/latency,44,0.0009481189320388349,0.609765215181318,0.6097710209592593,0.0005805777941292334,1.0,False,0.2200617002818751,0.22007381419833924
ctu13_v2_f1,SConv2dLSTM,latency,SConv2dLSTM/latency,45,0.0009481189320388349,0.8551150046303627,0.8551141279202916,-8.767100710960207e-05,1.0,False,0.7445576668622647,0.7445563156845871
ctu13_v2_f1,SConv2dLSTM,latency,SConv2dLSTM/latency,46,0.0009481189320388349,0.8435260925441785,0.8435343956713821,0.0008303127203568295,1.0,False,0.7160700872024787,0.7160921022706211
ctu13_v2_f1,SLSTM,latency,SLSTM/latency,42,0.0009481189320388349,0.24532848151062153,0.2453305980872538,0.0002116576632266165,1.0,False,-0.46614969804404527,-0.4661472492051564
ctu13_v2_f1,SLSTM,latency,SLSTM/latency,43,0.0009481189320388349,0.2603562570799635,0.2603585467624061,0.000228968244259109,1.0,False,-0.4358965228005308,-0.4358938153897151
ctu13_v2_f1,SLSTM,latency,SLSTM/latency,44,0.0009481189320388349,0.5608152188558235,0.5608205428177072,0.0005323961883685335,1.0,False,0.12176462640921672,0.12177504477654702
ctu13_v2_f1,SLSTM,latency,SLSTM/latency,45,0.0009481189320388349,0.27175403505896345,0.27175645570056917,0.00024206416057159785,1.0,False,-0.41356574175487243,-0.41356282880510464
ctu13_v2_f1,SLSTM,latency,SLSTM/latency,46,0.0009481189320388349,0.2420904837456961,0.24209255652619216,0.0002072780496048532,1.0,False,-0.471911073873542,-0.471908701762853
ctu13_v2_f1,Synaptic,latency,Synaptic/latency,42,0.0009481189320388349,0.722153158142582,0.7221602984716853,0.0007140329103316745,1.0,False,0.4915724091070895,0.4915937705888763
ctu13_v2_f1,Synaptic,latency,Synaptic/latency,43,0.0009481189320388349,0.7485659158610237,0.7485645831964739,-0.00013326645498246137,1.0,False,0.5667735439501577,0.5667715887290165
ctu13_v2_f1,Synaptic,latency,Synaptic/latency,44,0.0009481189320388349,0.7571101791094164,0.7571089162667847,-0.0001262842631688521,1.0,False,0.5924620420583349,0.5924603053575891
ctu13_v2_f1,Synaptic,latency,Synaptic/latency,45,0.0009481189320388349,0.29263265739143085,0.2926353126467745,0.00026552553436531845,1.0,False,-0.3732382071876667,-0.3732349133253806
ctu13_v2_f1,Synaptic,latency,Synaptic/latency,46,0.0009481189320388349,0.7307423228183784,0.7307495693752077,0.0007246556829376694,1.0,False,0.5127527299360357,0.5127747532054026
kddcup99_v2,Alpha,latency,Alpha/latency,42,57.53000524066888,0.5519400250171673,0.5444187591848484,-0.7521265832318935,1.0,False,0.8246903600721878,0.7548406903370398
kddcup99_v2,Alpha,latency,Alpha/latency,43,57.53000524066888,0.5376162026682796,0.5272644822056268,-1.0351720462652758,1.0,False,0.82077349239274,0.7483037913606803
kddcup99_v2,Alpha,latency,Alpha/latency,44,57.53000524066888,0.5436204671213967,0.5344761519962943,-0.9144315125102387,1.0,False,0.8216704819008269,0.7496281683791275
kddcup99_v2,Alpha,latency,Alpha/latency,45,57.53000524066888,0.5515561332480341,0.543858224218011,-0.7697909030023098,1.0,False,0.8256095462839292,0.7562270270520259
kddcup99_v2,Alpha,latency,Alpha/latency,46,57.53000524066888,0.5323197845402381,0.520565824224,-1.17539603162381,1.0,False,0.8195348414273338,0.7464361095752798
kddcup99_v2,Lapicque,latency,Lapicque/latency,42,57.53000524066888,0.6068134118035802,0.5988529505364998,-0.7960461267080388,1.0,False,0.8233211814502672,0.7522108832861794
kddcup99_v2,Lapicque,latency,Lapicque/latency,43,57.53000524066888,0.5886709090696532,0.5817437976713831,-0.692711139827018,1.0,False,0.828099042351214,0.7603727902525765
kddcup99_v2,Lapicque,latency,Lapicque/latency,44,57.53000524066888,0.5916555995611552,0.5825241116888822,-0.9131487872273025,1.0,False,0.822552357713752,0.7511582127619146
kddcup99_v2,Lapicque,latency,Lapicque/latency,45,57.53000524066888,0.6105027704364206,0.6032770971270629,-0.722567330935775,1.0,False,0.8293744544161192,0.7627089922850173
kddcup99_v2,Lapicque,latency,Lapicque/latency,46,57.53000524066888,0.5946108519403199,0.5863356099146922,-0.8275242025627683,1.0,False,0.8228630506148615,0.7514859403765468
kddcup99_v2,Leaky,latency,Leaky/latency,42,57.53000524066888,0.6818862616138613,0.67548502224863,-0.6401239365231293,1.0,False,0.827092210820528,0.758426868041175
kddcup99_v2,Leaky,latency,Leaky/latency,43,57.53000524066888,0.6695262525718146,0.661419927851177,-0.8106324720637659,1.0,False,0.8234504552113119,0.7523984618382127
kddcup99_v2,Leaky,latency,Leaky/latency,44,57.53000524066888,0.6625523852863295,0.6559538632640162,-0.6598522022313369,1.0,False,0.8284466851210893,0.7606234552964753
kddcup99_v2,Leaky,latency,Leaky/latency,45,57.53000524066888,0.6359085195175763,0.6285765134158363,-0.7332006101740007,1.0,False,0.8251466400746116,0.7552618487288805
kddcup99_v2,Leaky,latency,Leaky/latency,46,57.53000524066888,0.6378531734652235,0.630691417968129,-0.7161755497094524,1.0,False,0.828831323047146,0.7615525830875947
kddcup99_v2,LeakyParallel,latency,LeakyParallel/latency,42,57.53000524066888,0.6382430103128522,0.6297193947004981,-0.8523615612354152,1.0,False,0.8244180005111164,0.7537496224364152
kddcup99_v2,LeakyParallel,latency,LeakyParallel/latency,43,57.53000524066888,0.6377369766722987,0.629536905016541,-0.8200071655757646,1.0,False,0.8241957407382439,0.7532752110396147
kddcup99_v2,LeakyParallel,latency,LeakyParallel/latency,44,57.53000524066888,0.6422472423127366,0.6360451459218718,-0.6202096390864775,1.0,False,0.832151494120539,0.7672440969062805
kddcup99_v2,LeakyParallel,latency,LeakyParallel/latency,45,57.53000524066888,0.615191912756064,0.6074057776454634,-0.7786135110600556,1.0,False,0.8275411481638258,0.7592629582688045
kddcup99_v2,LeakyParallel,latency,LeakyParallel/latency,46,57.53000524066888,0.6212687146485109,0.6143152934133919,-0.6953421235118995,1.0,False,0.8261515501161318,0.7562540187935354
kddcup99_v2,RLeaky,latency,RLeaky/latency,42,57.53000524066888,0.5148512303997581,0.5008361906005488,-1.4015039799209261,1.0,False,0.8174024386725829,0.7427470500189359
kddcup99_v2,RLeaky,latency,RLeaky/latency,43,57.53000524066888,0.6214339110980219,0.6119652287112529,-0.9468682386769012,1.0,False,0.8205820140153077,0.7469293732845622
kddcup99_v2,RLeaky,latency,RLeaky/latency,44,57.53000524066888,0.5297043520767784,0.5162393831545241,-1.346496892225424,1.0,False,0.8189393656762844,0.7449740213205859
kddcup99_v2,RLeaky,latency,RLeaky/latency,45,57.53000524066888,0.5455143569790292,0.5368683401616005,-0.8646016817428714,1.0,False,0.8241314351874525,0.7528753218995675
kddcup99_v2,RLeaky,latency,RLeaky/latency,46,57.53000524066888,0.5870858987590075,0.5776621876362281,-0.9423711122779399,1.0,False,0.8218335307362191,0.7495546324846917
kddcup99_v2,RSynaptic,latency,RSynaptic/latency,42,57.53000524066888,0.6113656352146051,0.6004917807398669,-1.087385447473821,1.0,False,0.8119458820637128,0.7351015086872148
kddcup99_v2,RSynaptic,latency,RSynaptic/latency,43,57.53000524066888,0.592092722671448,0.5776068831452005,-1.448583952624749,1.0,False,0.8147960758691379,0.7377124843020494
kddcup99_v2,RSynaptic,latency,RSynaptic/latency,44,57.53000524066888,0.5860541232579075,0.5728476253777189,-1.3206497880188572,1.0,False,0.8179777458297889,0.7431923421900885
kddcup99_v2,RSynaptic,latency,RSynaptic/latency,45,57.53000524066888,0.5252227731442523,0.5105964987979605,-1.4626274346291712,1.0,False,0.816705290408518,0.7410002692302189
kddcup99_v2,RSynaptic,latency,RSynaptic/latency,46,57.53000524066888,0.6208332057121513,0.6112408911169525,-0.9592314595198825,1.0,False,0.8219519502314112,0.7492669557466477
kddcup99_v2,SConv2dLSTM,latency,SConv2dLSTM/latency,42,57.53000524066888,0.6460726571931994,0.6396967195571015,-0.6375937636097895,1.0,False,0.8294752701646678,0.7619555444174893
kddcup99_v2,SConv2dLSTM,latency,SConv2dLSTM/latency,43,57.53000524066888,0.6009449610155153,0.5916942272767545,-0.9250733738760841,1.0,False,0.8243308651890845,0.7535157761957378
kddcup99_v2,SConv2dLSTM,latency,SConv2dLSTM/latency,44,57.53000524066888,0.6250703298010791,0.6171183593539861,-0.795197044709306,1.0,False,0.8277817538167345,0.7599513456424641
kddcup99_v2,SConv2dLSTM,latency,SConv2dLSTM/latency,45,57.53000524066888,0.5760896731121082,0.5656689446238001,-1.0420728488308106,1.0,False,0.8213751480316532,0.7489306839819879
kddcup99_v2,SConv2dLSTM,latency,SConv2dLSTM/latency,46,57.53000524066888,0.5876295318274916,0.5756741406775299,-1.1955391149961692,1.0,False,0.8180960918842677,0.7431086739084352
kddcup99_v2,SLSTM,latency,SLSTM/latency,42,57.53000524066888,0.6443703991621115,0.6351346730346208,-0.9235726127490684,1.0,False,0.8222777299888819,0.7504282049960825
kddcup99_v2,SLSTM,latency,SLSTM/latency,43,57.53000524066888,0.6355385206393922,0.6288603424196509,-0.667817821974126,1.0,False,0.8264692569364523,0.7571233361072605
kddcup99_v2,SLSTM,latency,SLSTM/latency,44,57.53000524066888,0.6226838482667627,0.6134055980694078,-0.9278250197354954,1.0,False,0.8214150999413466,0.7487743234305857
kddcup99_v2,SLSTM,latency,SLSTM/latency,45,57.53000524066888,0.6154811675199644,0.606152891412057,-0.932827610790743,1.0,False,0.8213425185279385,0.7486807896265707
kddcup99_v2,SLSTM,latency,SLSTM/latency,46,57.53000524066888,0.6390938182457084,0.6303354958610417,-0.8758322384666783,1.0,False,0.8223749208013623,0.7502725710747737
kddcup99_v2,Synaptic,latency,Synaptic/latency,42,57.53000524066888,0.6358355332849278,0.628446976582703,-0.7388556702224824,1.0,False,0.8263650632214108,0.7570292902449973
kddcup99_v2,Synaptic,latency,Synaptic/latency,43,57.53000524066888,0.6432575406629271,0.6356727335059713,-0.7584807156955753,1.0,False,0.8248214564825004,0.7544143841059319
kddcup99_v2,Synaptic,latency,Synaptic/latency,44,57.53000524066888,0.643328135201516,0.6357131096031405,-0.7615025598375458,1.0,False,0.8230457076134645,0.7515085777553238
kddcup99_v2,Synaptic,latency,Synaptic/latency,45,57.53000524066888,0.6219495975284937,0.6140783013281672,-0.787129620032645,1.0,False,0.8247952479552197,0.7542886445227497
kddcup99_v2,Synaptic,latency,Synaptic/latency,46,57.53000524066888,0.6167066288065585,0.6055345191777641,-1.1172109628794336,1.0,False,0.8192607016917873,0.7451836903465994
nslkdd_v2,Alpha,latency,Alpha/latency,42,2.6836408800567777,0.45916799746109094,0.45488728387958377,-0.42807135815071673,1.0,False,0.590495158549654,0.5813926222176999
nslkdd_v2,Alpha,latency,Alpha/latency,43,2.6836408800567777,0.467031429897977,0.4630192536103025,-0.4012176287674529,1.0,False,0.5996741606655728,0.590939834793069
nslkdd_v2,Alpha,latency,Alpha/latency,44,2.6836408800567777,0.4726784408839243,0.46896253503101076,-0.3715905852913537,1.0,False,0.6226318492055077,0.6148203199499143
nslkdd_v2,Alpha,latency,Alpha/latency,45,2.6836408800567777,0.4635912932834585,0.4592012975455508,-0.4389995737907715,1.0,False,0.6060041597229077,0.5964233071470191
nslkdd_v2,Alpha,latency,Alpha/latency,46,2.6836408800567777,0.45962393893936976,0.45528593870241413,-0.43380002369556303,1.0,False,0.5951588788318817,0.5861910519883308
nslkdd_v2,Lapicque,latency,Lapicque/latency,42,2.6836408800567777,0.4820968180191242,0.47825574358264705,-0.3841074436477132,1.0,False,0.630161971749124,0.6220081034869718
nslkdd_v2,Lapicque,latency,Lapicque/latency,43,2.6836408800567777,0.4828594341326403,0.4790365465436583,-0.3822887588982027,1.0,False,0.633873620639089,0.6261279464149548
nslkdd_v2,Lapicque,latency,Lapicque/latency,44,2.6836408800567777,0.4783314021130779,0.4741721567528244,-0.4159245360253472,1.0,False,0.6229311723284993,0.613965009474288
nslkdd_v2,Lapicque,latency,Lapicque/latency,45,2.6836408800567777,0.48101046689052207,0.4769592934808256,-0.40511734096964624,1.0,False,0.6307120417651321,0.6221847308317339
nslkdd_v2,Lapicque,latency,Lapicque/latency,46,2.6836408800567777,0.48223837605755265,0.4786369908920297,-0.3601385165522941,1.0,False,0.6222334156192386,0.6139963341883996
nslkdd_v2,Leaky,latency,Leaky/latency,42,2.6836408800567777,0.546743774776132,0.5426972835851371,-0.4046491190994872,1.0,False,0.6510150458397447,0.6431634416372533
nslkdd_v2,Leaky,latency,Leaky/latency,43,2.6836408800567777,0.5476573227162673,0.5438010378929949,-0.38562848232723823,1.0,False,0.6469745278761471,0.6388233720352661
nslkdd_v2,Leaky,latency,Leaky/latency,44,2.6836408800567777,0.5605277014214046,0.5561715047770603,-0.4356196644344279,1.0,False,0.6141983227516228,0.6047048836557357
nslkdd_v2,Leaky,latency,Leaky/latency,45,2.6836408800567777,0.5602273842364422,0.5565129156513454,-0.37144685850968306,1.0,False,0.664645011367,0.657067797562531
nslkdd_v2,Leaky,latency,Leaky/latency,46,2.6836408800567777,0.6034866034057991,0.5999798204958109,-0.3506782909988182,1.0,False,0.6640750963647771,0.6564890980465861
nslkdd_v2,LeakyParallel,latency,LeakyParallel/latency,42,2.6836408800567777,0.5630699991707409,0.5588266371150037,-0.42433620557371654,1.0,False,0.6208092575460629,0.6120129089362961
nslkdd_v2,LeakyParallel,latency,LeakyParallel/latency,43,2.6836408800567777,0.5713460918148636,0.5681553878189622,-0.31907039959013783,1.0,False,0.6732404766967766,0.6660018414182701
nslkdd_v2,LeakyParallel,latency,LeakyParallel/latency,44,2.6836408800567777,0.6108810808586742,0.6073816420121972,-0.34994388464769655,1.0,False,0.6937215294143076,0.6871639286135756
nslkdd_v2,LeakyParallel,latency,LeakyParallel/latency,45,2.6836408800567777,0.5594057829276176,0.55578391047212,-0.362187245549761,1.0,False,0.651927521383973,0.645517722818198
nslkdd_v2,LeakyParallel,latency,LeakyParallel/latency,46,2.6836408800567777,0.6183432800281145,0.6147141822078019,-0.362909782031251,1.0,False,0.6528764738522636,0.6448104222231088
nslkdd_v2,RLeaky,latency,RLeaky/latency,42,2.6836408800567777,0.5274245647877569,0.5239749128338742,-0.3449651953882693,1.0,False,0.6303439274128431,0.6219256655250353
nslkdd_v2,RLeaky,latency,RLeaky/latency,43,2.6836408800567777,0.4623856142657841,0.45946438995650524,-0.29212243092788803,1.0,False,0.5903608456236382,0.5826330560836499
nslkdd_v2,RLeaky,latency,RLeaky/latency,44,2.6836408800567777,0.4754233925646455,0.4739452820844572,-0.14781104801883105,1.0,False,0.6164596381977596,0.6134777194229462
nslkdd_v2,RLeaky,latency,RLeaky/latency,45,2.6836408800567777,0.48489857564449085,0.48072415213584874,-0.4174423508642111,1.0,False,0.6044417431690546,0.5971144231569542
nslkdd_v2,RLeaky,latency,RLeaky/latency,46,2.6836408800567777,0.4645247366331492,0.4617797079922402,-0.2745028640908975,1.0,False,0.5821634093219041,0.5740002980158422
nslkdd_v2,RSynaptic,latency,RSynaptic/latency,42,2.6836408800567777,0.5726743525024857,0.5689214606617433,-0.3752891840742345,1.0,False,0.6478156717980319,0.6397897362086237
nslkdd_v2,RSynaptic,latency,RSynaptic/latency,43,2.6836408800567777,0.5355137575180369,0.5315538439262057,-0.3959913591831121,1.0,False,0.6286247410132414,0.6197227665179685
nslkdd_v2,RSynaptic,latency,RSynaptic/latency,44,2.6836408800567777,0.5311479047675971,0.5282351542694886,-0.2912750498108463,1.0,False,0.6617619439591743,0.6543379871806125
nslkdd_v2,RSynaptic,latency,RSynaptic/latency,45,2.6836408800567777,0.49115316708478884,0.48825460951957844,-0.28985575652104023,1.0,False,0.60769157996867,0.6028709045193863
nslkdd_v2,RSynaptic,latency,RSynaptic/latency,46,2.6836408800567777,0.5101448834735524,0.5066607456193355,-0.3484137854216862,1.0,False,0.6524855009866599,0.6451155691165825
nslkdd_v2,SConv2dLSTM,latency,SConv2dLSTM/latency,42,2.6836408800567777,0.5696241934875904,0.566655803561833,-0.2968389925757431,1.0,False,0.6613405823803797,0.6536901948099689
nslkdd_v2,SConv2dLSTM,latency,SConv2dLSTM/latency,43,2.6836408800567777,0.5475135323669309,0.5437308207610394,-0.3782711605891498,1.0,False,0.6254885035457793,0.6167066999669781
nslkdd_v2,SConv2dLSTM,latency,SConv2dLSTM/latency,44,2.6836408800567777,0.5942060595296296,0.5896806105951352,-0.4525448934494358,1.0,False,0.6470707588071511,0.6391548274331437
nslkdd_v2,SConv2dLSTM,latency,SConv2dLSTM/latency,45,2.6836408800567777,0.5484965316543108,0.5449210623338823,-0.3575469320428515,1.0,False,0.6460251496088175,0.6381688962366063
nslkdd_v2,SConv2dLSTM,latency,SConv2dLSTM/latency,46,2.6836408800567777,0.5594382253378024,0.5552740753415003,-0.4164149996302102,1.0,False,0.623071272963731,0.6141401218090012
nslkdd_v2,SLSTM,latency,SLSTM/latency,42,2.6836408800567777,0.5526988189039699,0.5486757839462174,-0.40230349577524693,1.0,False,0.6450629375404022,0.6371296080671008
nslkdd_v2,SLSTM,latency,SLSTM/latency,43,2.6836408800567777,0.5629082617343097,0.5588614267772458,-0.4046834957063927,1.0,False,0.652451596709783,0.6446096704032628
nslkdd_v2,SLSTM,latency,SLSTM/latency,44,2.6836408800567777,0.571343470170901,0.5695055432328637,-0.18379269380373042,1.0,False,0.6255169149450522,0.6234978905461318
nslkdd_v2,SLSTM,latency,SLSTM/latency,45,2.6836408800567777,0.5487843800334862,0.5451273845930447,-0.3656995440441513,1.0,False,0.6262186304767697,0.6195235591101933
nslkdd_v2,SLSTM,latency,SLSTM/latency,46,2.6836408800567777,0.5305200815115222,0.527065495825583,-0.3454585685939149,1.0,False,0.6689323600246213,0.6617790897419702
nslkdd_v2,Synaptic,latency,Synaptic/latency,42,2.6836408800567777,0.5577844240152517,0.5542473645746788,-0.35370594405729205,1.0,False,0.6437707860246998,0.6355702157066573
nslkdd_v2,Synaptic,latency,Synaptic/latency,43,2.6836408800567777,0.5529175429380958,0.5496548514447861,-0.32626914933097106,1.0,False,0.6646606861876717,0.6569964915336581
nslkdd_v2,Synaptic,latency,Synaptic/latency,44,2.6836408800567777,0.5924974163556558,0.5882575280915734,-0.4239888264082392,1.0,False,0.6197736448291611,0.6104080935265211
nslkdd_v2,Synaptic,latency,Synaptic/latency,45,2.6836408800567777,0.5500498298375543,0.5463724923593156,-0.3677337478238729,1.0,False,0.6655516473104524,0.6579438346569967
nslkdd_v2,Synaptic,latency,Synaptic/latency,46,2.6836408800567777,0.5857452579863409,0.5823770030829325,-0.33682549034084186,1.0,False,0.6649002415663771,0.6574703749648667
