arm,T,protocol,f1,f1sd,in_spk,sops,n,ok
A_rate,5,cicids2017_v2,0.58676037,0.02710087,73.83585857,10569.47721107,3,True
A_rate,5,ctu13_v2_f0,0.86770806,0.01572605,61.81246036,8076.72286907,3,True
A_rate,5,ctu13_v2_f1,0.77364389,0.01077099,61.64367478,8107.88433897,3,True
A_rate,5,kddcup99_v2,0.53178762,0.00394526,49.11559051,7362.60243900,3,True
A_rate,5,nslkdd_v2,0.48306194,0.00560938,47.70388278,7225.20791933,3,True
A_rate,10,cicids2017_v2,0.68650497,0.00860312,147.67260795,20015.66538138,3,True
A_rate,10,ctu13_v2_f0,0.92700310,0.02988539,123.63018461,16088.22145289,3,True
A_rate,10,ctu13_v2_f1,0.76431357,0.01172406,123.29236195,16105.14004665,3,True
A_rate,10,kddcup99_v2,0.61979893,0.01953784,98.23148752,13891.50672660,3,True
A_rate,10,nslkdd_v2,0.57163147,0.02312887,95.43766264,13407.80673350,3,True
A_rate,25,cicids2017_v2,0.73744894,0.00327644,369.19444366,48908.02358966,3,True
A_rate,25,ctu13_v2_f0,0.98828674,0.00210978,309.06704224,40182.87724038,3,True
A_rate,25,ctu13_v2_f1,0.77435705,0.00662332,308.25834819,40049.51009431,3,True
A_rate,25,kddcup99_v2,0.62114357,0.03087783,245.58061253,33278.12810703,3,True
A_rate,25,nslkdd_v2,0.55638360,0.01828640,238.59536906,32521.54965105,3,True
A_rate,50,cicids2017_v2,0.74798505,0.01427060,738.38303730,97172.61818970,3,True
A_rate,50,ctu13_v2_f0,0.99624701,0.00228426,618.13334871,80488.14751690,3,True
A_rate,50,ctu13_v2_f1,0.76375090,0.00118346,616.51041667,80114.02504298,3,True
A_rate,50,kddcup99_v2,0.60351829,0.02489224,491.15716327,66596.17777549,3,True
A_rate,50,nslkdd_v2,0.57467476,0.04944307,477.21516442,65081.54798025,3,True
B_latency_thr001,5,cicids2017_v2,0.77741798,0.00338050,39.90437727,6344.75109570,3,True
B_latency_thr001,5,ctu13_v2_f0,0.98428257,0.00355754,22.23277867,3147.11895813,3,True
B_latency_thr001,5,ctu13_v2_f1,0.76751448,0.00273983,20.65201191,2979.93248761,3,True
B_latency_thr001,5,kddcup99_v2,0.53076282,0.01662778,12.49057805,2556.50928370,3,True
B_latency_thr001,5,nslkdd_v2,0.48018485,0.01253223,14.58015436,2917.05819730,3,True
B_latency_thr001,10,cicids2017_v2,0.76789951,0.00172057,39.90437727,6447.51081983,3,True
B_latency_thr001,10,ctu13_v2_f0,0.99891216,0.00050552,22.23277867,3239.58630731,3,True
B_latency_thr001,10,ctu13_v2_f1,0.70649478,0.08151147,20.65201191,3032.75874482,3,True
B_latency_thr001,10,kddcup99_v2,0.64046527,0.00939096,12.49057805,2383.34092962,3,True
B_latency_thr001,10,nslkdd_v2,0.56916282,0.02441883,14.58015436,2977.08858233,3,True
B_latency_thr001,25,cicids2017_v2,0.78246647,0.00233674,39.90437727,6905.96539563,3,True
B_latency_thr001,25,ctu13_v2_f0,0.99946219,0.00041910,22.23277867,3393.85205298,3,True
B_latency_thr001,25,ctu13_v2_f1,0.77099597,0.00548490,20.65201191,3111.56013602,3,True
B_latency_thr001,25,kddcup99_v2,0.63940908,0.00247091,12.49057805,2989.81806412,3,True
B_latency_thr001,25,nslkdd_v2,0.58176572,0.02555194,14.58015436,3400.44291164,3,True
B_latency_thr001,50,cicids2017_v2,0.79031114,0.00129389,39.90437727,7542.50890044,3,True
B_latency_thr001,50,ctu13_v2_f0,0.96993419,0.03107146,22.23277867,3357.03283797,3,True
B_latency_thr001,50,ctu13_v2_f1,0.73299122,0.04871967,20.65201191,2946.42463719,3,True
B_latency_thr001,50,kddcup99_v2,0.63302853,0.02993691,12.49057805,2525.05721117,3,True
B_latency_thr001,50,nslkdd_v2,0.60731169,0.05602830,14.58015436,3610.53436243,3,True
C_delta_thr005,5,cicids2017_v2,0.47448875,0.00910368,37.96107582,5624.64401551,3,True
C_delta_thr005,5,ctu13_v2_f0,0.50277135,0.08065490,21.36245858,2762.88293438,3,True
C_delta_thr005,5,ctu13_v2_f1,0.88749158,0.00004804,19.46724723,2550.50366606,3,True
C_delta_thr005,5,kddcup99_v2,0.52198449,0.00362275,12.08613023,2590.98161586,3,True
C_delta_thr005,5,nslkdd_v2,0.50175466,0.00793125,13.56028211,2442.84638928,3,True
C_delta_thr005,10,cicids2017_v2,0.47954698,0.00031815,37.96107582,5374.71937218,3,True
C_delta_thr005,10,ctu13_v2_f0,0.50153555,0.07899037,21.36245858,2763.06424008,3,True
C_delta_thr005,10,ctu13_v2_f1,0.89789720,0.01832090,19.46724723,2521.12645062,3,True
C_delta_thr005,10,kddcup99_v2,0.61443302,0.01257276,12.08613023,1926.25847108,3,True
C_delta_thr005,10,nslkdd_v2,0.52607324,0.03164669,13.56028211,2375.95394192,3,True
C_delta_thr005,25,cicids2017_v2,0.50269697,0.00484757,37.96107582,5244.75879917,3,True
C_delta_thr005,25,ctu13_v2_f0,0.59239928,0.00617736,21.36245858,2882.55681692,3,True
C_delta_thr005,25,ctu13_v2_f1,0.87921361,0.00693483,19.46724723,2881.29576254,3,True
C_delta_thr005,25,kddcup99_v2,0.62325144,0.01329953,12.08613023,1907.75942436,3,True
C_delta_thr005,25,nslkdd_v2,0.52292003,0.01987943,13.56028211,2470.55183937,3,True
C_delta_thr005,50,cicids2017_v2,0.48577016,0.01038378,37.96107582,5423.95676779,3,True
C_delta_thr005,50,ctu13_v2_f0,0.55105113,0.07870671,21.36245858,3077.78705791,3,True
C_delta_thr005,50,ctu13_v2_f1,0.76723390,0.20784099,19.46724723,2666.63858338,3,True
C_delta_thr005,50,kddcup99_v2,0.64042369,0.01968436,12.08613023,2221.54889951,3,True
C_delta_thr005,50,nslkdd_v2,0.53319393,0.03882938,13.56028211,2764.57833570,3,True
D_delta_thr001,5,cicids2017_v2,0.43091776,0.10258058,39.90437727,5900.94742048,3,True
D_delta_thr001,5,ctu13_v2_f0,0.51885244,0.19563009,22.23277867,2877.19341758,3,True
D_delta_thr001,5,ctu13_v2_f1,0.69960734,0.27982573,20.65201191,2693.56347024,3,True
D_delta_thr001,5,kddcup99_v2,0.54411081,0.01145888,12.49057805,2618.68773008,3,True
D_delta_thr001,5,nslkdd_v2,0.50479865,0.02275011,14.58015436,2483.44770227,3,True
D_delta_thr001,10,cicids2017_v2,0.48348037,0.00356481,39.90437727,5541.83661632,3,True
D_delta_thr001,10,ctu13_v2_f0,0.40593094,0.00008385,22.23277867,2876.35636649,3,True
D_delta_thr001,10,ctu13_v2_f1,0.86114824,0.00009430,20.65201191,2720.64303322,3,True
D_delta_thr001,10,kddcup99_v2,0.62899745,0.01623956,12.49057805,2011.96131015,3,True
D_delta_thr001,10,nslkdd_v2,0.55001270,0.00611643,14.58015436,2487.10122427,3,True
D_delta_thr001,25,cicids2017_v2,0.48256384,0.00172203,39.90437727,5395.70839751,3,True
D_delta_thr001,25,ctu13_v2_f0,0.45430680,0.04187300,22.23277867,2986.12401794,3,True
D_delta_thr001,25,ctu13_v2_f1,0.86115742,0.00008123,20.65201191,2834.26755916,3,True
D_delta_thr001,25,kddcup99_v2,0.63998244,0.00683263,12.49057805,1998.76296958,3,True
D_delta_thr001,25,nslkdd_v2,0.57006644,0.01481165,14.58015436,2530.85285072,3,True
D_delta_thr001,50,cicids2017_v2,0.50534590,0.00927517,39.90437727,5560.37290162,3,True
D_delta_thr001,50,ctu13_v2_f0,0.40591675,0.00006804,22.23277867,3029.54747060,3,True
D_delta_thr001,50,ctu13_v2_f1,0.68464455,0.26780302,20.65201191,2860.56860905,3,True
D_delta_thr001,50,kddcup99_v2,0.63551517,0.00849309,12.49057805,2302.26082670,3,True
D_delta_thr001,50,nslkdd_v2,0.54538383,0.03664874,14.58015436,2979.33367341,3,True
