arm,T,protocol,seed,f1,stored_f1,from_predictions,in_spk,sops,hidden,mcc
A_rate,5,nslkdd_v2,42,0.48846399,0.48846399,True,47.70546487,7164.47107878,211.63431512,0.64153431
A_rate,5,nslkdd_v2,43,0.47726599,0.47726599,True,47.72529276,7279.59643364,234.15179205,0.62478843
A_rate,5,nslkdd_v2,44,0.48345583,0.48345583,True,47.68089070,7231.55624556,225.68044713,0.62614132
A_rate,5,kddcup99_v2,42,0.52818092,0.52818092,True,49.11324989,7361.80108607,215.06102003,0.82024086
A_rate,5,kddcup99_v2,43,0.53600112,0.53600112,True,49.11972839,7401.42608889,222.82017111,0.82372482
A_rate,5,kddcup99_v2,44,0.53118081,0.53118081,True,49.11379325,7324.58014204,207.60292127,0.82306870
A_rate,5,cicids2017_v2,42,0.61217643,0.61217643,True,73.84815915,10582.02103675,225.89133307,0.88963784
A_rate,5,cicids2017_v2,43,0.58986293,0.58986293,True,73.83265978,10581.51498008,226.18690564,0.87461722
A_rate,5,cicids2017_v2,44,0.55824174,0.55824174,True,73.82675677,10544.89561637,219.01414991,0.88852843
A_rate,5,ctu13_v2_f0,42,0.85253557,0.85253557,True,61.81505478,8068.76795985,78.22047369,0.73197014
A_rate,5,ctu13_v2_f0,43,0.86665400,0.86665400,True,61.81765470,8075.80588234,81.57304053,0.75309231
A_rate,5,ctu13_v2_f0,44,0.88393462,0.88393462,True,61.80467161,8085.59476503,87.29839969,0.78134397
A_rate,5,ctu13_v2_f1,42,0.76195956,0.76195956,True,61.64705799,8108.58766308,108.88212037,0.59354482
A_rate,5,ctu13_v2_f1,43,0.78317679,0.78317679,True,61.65277514,8108.44974970,108.44726562,0.62429413
A_rate,5,ctu13_v2_f1,44,0.77579532,0.77579532,True,61.63119122,8106.61560414,108.91156421,0.61226253
A_rate,10,nslkdd_v2,42,0.55956826,0.55956826,True,95.43643542,13350.89611427,227.00647622,0.64903100
A_rate,10,nslkdd_v2,43,0.59829809,0.59829809,True,95.47130057,13490.75718595,254.08614265,0.65632345
A_rate,10,nslkdd_v2,44,0.55702806,0.55702806,True,95.40525195,13381.76690028,233.97893009,0.63743533
A_rate,10,kddcup99_v2,42,0.64231473,0.64231473,True,98.23352163,14067.76865501,298.77557720,0.82282851
A_rate,10,kddcup99_v2,43,0.60731376,0.60731376,True,98.23230310,13766.16329989,238.48570069,0.82511049
A_rate,10,kddcup99_v2,44,0.60976830,0.60976830,True,98.22863784,13840.58822489,253.46451617,0.82530611
A_rate,10,cicids2017_v2,42,0.69400547,0.69400547,True,147.68344897,19962.57106749,211.81791992,0.90238705
A_rate,10,cicids2017_v2,43,0.67711376,0.67711376,True,147.65528162,20145.43558797,249.11190811,0.89696106
A_rate,10,cicids2017_v2,44,0.68839569,0.68839569,True,147.67909325,19938.98948869,207.21311061,0.92768669
A_rate,10,ctu13_v2_f0,42,0.89468923,0.89468923,True,123.62648562,16076.28982849,126.04983486,0.80807042
A_rate,10,ctu13_v2_f0,43,0.93267207,0.93267207,True,123.64637893,16079.52073753,126.39211735,0.87190496
A_rate,10,ctu13_v2_f0,44,0.95364799,0.95364799,True,123.61768929,16108.85379266,142.89478178,0.90954093
A_rate,10,ctu13_v2_f1,42,0.76888219,0.76888219,True,123.29039461,16126.67768697,172.75358863,0.60918047
A_rate,10,ctu13_v2_f1,43,0.75099299,0.75099299,True,123.30032141,16126.55455476,172.05670699,0.58592113
A_rate,10,ctu13_v2_f1,44,0.77306554,0.77306554,True,123.28636984,16062.18789821,140.76627920,0.61579768
A_rate,50,nslkdd_v2,42,0.60850153,0.60850153,True,477.19495209,64850.91039744,753.99130589,0.65327148
A_rate,50,nslkdd_v2,43,0.51793136,0.51793136,True,477.24645138,64996.01987225,781.69481902,0.65525332
A_rate,50,nslkdd_v2,44,0.59759138,0.59759138,True,477.20408978,65397.71367104,863.11803584,0.66752354
A_rate,50,kddcup99_v2,42,0.63116859,0.63116859,True,491.15261599,67299.21459414,886.33594938,0.82620160
A_rate,50,kddcup99_v2,43,0.58289464,0.58289464,True,491.17093904,66074.10710255,640.84538098,0.82578376
A_rate,50,kddcup99_v2,44,0.59649166,0.59649166,True,491.14793476,66415.21162978,709.65519614,0.82917118
A_rate,50,cicids2017_v2,42,0.75548796,0.75548796,True,738.36400119,97372.75537841,572.43264530,0.94968408
A_rate,50,cicids2017_v2,43,0.73152809,0.73152809,True,738.36752144,97233.93999668,544.57945039,0.95230626
A_rate,50,cicids2017_v2,44,0.75693911,0.75693911,True,738.41758927,96911.15919400,478.74155351,0.95391582
A_rate,50,ctu13_v2_f0,42,0.99622405,0.99622405,True,618.11487935,80310.54134740,595.91839514,0.99246879
A_rate,50,ctu13_v2_f0,43,0.99397432,0.99397432,True,618.17440280,80365.84781039,619.76212583,0.98801576
A_rate,50,ctu13_v2_f0,44,0.99854265,0.99854265,True,618.11076397,80788.05339293,834.93780251,0.99708674
A_rate,50,ctu13_v2_f1,42,0.76301175,0.76301175,True,616.51340166,79798.92457714,442.60458226,0.61085087
A_rate,50,ctu13_v2_f1,43,0.76511587,0.76511587,True,616.52175459,80461.90450546,773.55995904,0.61357701
A_rate,50,ctu13_v2_f1,44,0.76312507,0.76312507,True,616.49609375,80081.24604634,584.87302317,0.61223743
B_latency_thr001,5,nslkdd_v2,42,0.49214580,0.49214580,True,14.58015436,2981.47134493,223.04231725,0.64812991
B_latency_thr001,5,nslkdd_v2,43,0.46715041,0.46715041,True,14.58015436,2878.17423705,202.38289567,0.62845047
B_latency_thr001,5,nslkdd_v2,44,0.48125834,0.48125834,True,14.58015436,2891.52900994,205.05385025,0.63551511
B_latency_thr001,5,kddcup99_v2,42,0.52878856,0.52878856,True,12.49057805,2574.04115372,195.04943269,0.82327092
B_latency_thr001,5,kddcup99_v2,43,0.51521031,0.51521031,True,12.49057805,2634.31720515,207.10464298,0.81935367
B_latency_thr001,5,kddcup99_v2,44,0.54828959,0.54828959,True,12.49057805,2461.16949223,172.47510039,0.82895688
B_latency_thr001,5,cicids2017_v2,42,0.77472012,0.77472012,True,39.90437727,6384.38874896,255.32569169,0.97083797
B_latency_thr001,5,cicids2017_v2,43,0.77632376,0.77632376,True,39.90437727,6331.26346635,244.70063517,0.96950529
B_latency_thr001,5,cicids2017_v2,44,0.78121005,0.78121005,True,39.90437727,6318.60107180,242.16815625,0.97913073
B_latency_thr001,5,ctu13_v2_f0,42,0.98408864,0.98408864,True,22.23277867,3189.65945811,171.93189437,0.96860723
B_latency_thr001,5,ctu13_v2_f0,43,0.98082596,0.98082596,True,22.23277867,3094.57020725,124.38726894,0.96231835
B_latency_thr001,5,ctu13_v2_f0,44,0.98793310,0.98793310,True,22.23277867,3157.12720903,155.66576983,0.97608546
B_latency_thr001,5,ctu13_v2_f1,42,0.76661811,0.76661811,True,20.65201191,2961.28048202,158.91147888,0.60418887
B_latency_thr001,5,ctu13_v2_f1,43,0.77059023,0.77059023,True,20.65201191,2988.50201001,172.52224287,0.62208313
B_latency_thr001,5,ctu13_v2_f1,44,0.76533511,0.76533511,True,20.65201191,2990.01497080,173.27872326,0.61462288
B_latency_thr001,10,nslkdd_v2,42,0.57239468,0.57239468,True,14.58015436,2945.89957417,215.92796309,0.65042645
B_latency_thr001,10,nslkdd_v2,43,0.59180478,0.59180478,True,14.58015436,2931.56205642,213.06045955,0.65843555
B_latency_thr001,10,nslkdd_v2,44,0.54328899,0.54328899,True,14.58015436,3053.80411639,237.50887154,0.64440134
B_latency_thr001,10,kddcup99_v2,42,0.65078730,0.65078730,True,12.49057805,2341.96433773,148.63406949,0.82700945
B_latency_thr001,10,kddcup99_v2,43,0.63242643,0.63242643,True,12.49057805,2397.17496118,159.67619418,0.82682141
B_latency_thr001,10,kddcup99_v2,44,0.63818208,0.63818208,True,12.49057805,2410.88348996,162.41789994,0.82501983
B_latency_thr001,10,cicids2017_v2,42,0.76599488,0.76599488,True,39.90437727,6370.59843293,252.56762848,0.97457047
B_latency_thr001,10,cicids2017_v2,43,0.76934138,0.76934138,True,39.90437727,6498.66550679,278.18104325,0.97785217
B_latency_thr001,10,cicids2017_v2,44,0.76836228,0.76836228,True,39.90437727,6473.26851976,273.10164585,0.97612270
B_latency_thr001,10,ctu13_v2_f0,42,0.99845445,0.99845445,True,22.23277867,3251.66497640,202.93465351,0.99690923
B_latency_thr001,10,ctu13_v2_f0,43,0.99882728,0.99882728,True,22.23277867,3226.85470414,190.52951738,0.99765568
B_latency_thr001,10,ctu13_v2_f0,44,0.99945474,0.99945474,True,22.23277867,3240.23924139,197.22178601,0.99890949
B_latency_thr001,10,ctu13_v2_f1,42,0.74281676,0.74281676,True,20.65201191,3055.16003299,205.85125436,0.55046322
B_latency_thr001,10,ctu13_v2_f1,43,0.61313635,0.61313635,True,20.65201191,3017.08562462,186.81405017,0.22931456
B_latency_thr001,10,ctu13_v2_f1,44,0.76353123,0.76353123,True,20.65201191,3026.03057684,191.28652628,0.61313372
B_latency_thr001,50,nslkdd_v2,42,0.62833283,0.62833283,True,14.58015436,3896.42144251,406.03233676,0.63819027
B_latency_thr001,50,nslkdd_v2,43,0.54381288,0.54381288,True,14.58015436,3541.97790987,335.14363023,0.64415316
B_latency_thr001,50,nslkdd_v2,44,0.64978937,0.64978937,True,14.58015436,3393.20373492,305.38879524,0.65718525
B_latency_thr001,50,kddcup99_v2,42,0.66055334,0.66055334,True,12.49057805,2794.35914657,239.11303126,0.82874361
B_latency_thr001,50,kddcup99_v2,43,0.63737710,0.63737710,True,12.49057805,2522.91021416,184.82324478,0.82495578
B_latency_thr001,50,kddcup99_v2,44,0.60115515,0.60115515,True,12.49057805,2257.90227278,131.82165650,0.82235237
B_latency_thr001,50,cicids2017_v2,42,0.78891652,0.78891652,True,39.90437727,7379.60639369,454.36922063,0.98224983
B_latency_thr001,50,cicids2017_v2,43,0.79054430,0.79054430,True,39.90437727,7517.65191857,481.97832561,0.98458015
B_latency_thr001,50,cicids2017_v2,44,0.79147259,0.79147259,True,39.90437727,7730.26838905,524.50161971,0.98639129
B_latency_thr001,50,ctu13_v2_f0,42,0.93717723,0.93717723,True,22.23277867,3319.87803746,237.04118404,0.88175528
B_latency_thr001,50,ctu13_v2_f0,43,0.97363703,0.97363703,True,22.23277867,3277.80863325,216.00648194,0.94846033
B_latency_thr001,50,ctu13_v2_f0,44,0.99898830,0.99898830,True,22.23277867,3473.41184319,313.80808691,0.99797820
B_latency_thr001,50,ctu13_v2_f1,42,0.76789054,0.76789054,True,20.65201191,2934.45491694,145.49869634,0.61874165
B_latency_thr001,50,ctu13_v2_f1,43,0.67732985,0.67732985,True,20.65201191,2954.88811248,155.71529411,0.37234443
B_latency_thr001,50,ctu13_v2_f1,44,0.75375326,0.75375326,True,20.65201191,2949.93088213,153.23667893,0.57001212
C_delta_thr005,5,nslkdd_v2,42,0.49986091,0.49986091,True,13.56028211,2372.29613201,127.31600426,0.65220275
C_delta_thr005,5,nslkdd_v2,43,0.49494170,0.49494170,True,13.56028211,2472.27106991,147.31099184,0.64094852
C_delta_thr005,5,nslkdd_v2,44,0.51046137,0.51046137,True,13.56028211,2483.97196593,149.65117104,0.67223705
C_delta_thr005,5,kddcup99_v2,42,0.52444413,0.52444413,True,12.08613023,2684.81592070,227.55825020,0.82120823
C_delta_thr005,5,kddcup99_v2,43,0.52368502,0.52368502,True,12.08613023,2587.62630173,208.12032640,0.81823227
C_delta_thr005,5,kddcup99_v2,44,0.51782432,0.51782432,True,12.08613023,2500.50262516,190.69559109,0.81672207
C_delta_thr005,5,cicids2017_v2,42,0.47000411,0.47000411,True,37.96107582,5635.05610154,155.20767921,0.73738688
C_delta_thr005,5,cicids2017_v2,43,0.48496472,0.48496472,True,37.96107582,5733.38352068,174.87316304,0.76838533
C_delta_thr005,5,cicids2017_v2,44,0.46849743,0.46849743,True,37.96107582,5505.49242430,129.29494376,0.73252155
C_delta_thr005,5,ctu13_v2_f0,42,0.45640908,0.45640908,True,21.36245858,2757.24148988,11.42339592,0.27261689
C_delta_thr005,5,ctu13_v2_f0,43,0.45600166,0.45600166,True,21.36245858,2762.36391640,13.98460918,0.26930036
C_delta_thr005,5,ctu13_v2_f0,44,0.59590331,0.59590331,True,21.36245858,2769.04339685,17.32434940,0.34851613
C_delta_thr005,5,ctu13_v2_f1,42,0.88753786,0.88753786,True,19.46724723,2567.84598756,38.01917096,0.77729670
C_delta_thr005,5,ctu13_v2_f1,43,0.88749495,0.88749495,True,19.46724723,2552.05326532,30.12280985,0.77720894
C_delta_thr005,5,ctu13_v2_f1,44,0.88744195,0.88744195,True,19.46724723,2531.61174530,19.90204983,0.77708092
C_delta_thr005,10,nslkdd_v2,42,0.55238320,0.55238320,True,13.56028211,2331.75385912,119.20754968,0.62348621
C_delta_thr005,10,nslkdd_v2,43,0.49095574,0.49095574,True,13.56028211,2377.01357346,128.25949255,0.63580714
C_delta_thr005,10,nslkdd_v2,44,0.53488078,0.53488078,True,13.56028211,2419.09439319,136.67565649,0.65025072
C_delta_thr005,10,kddcup99_v2,42,0.62608772,0.62608772,True,12.08613023,1963.95463446,83.38599295,0.82276509
C_delta_thr005,10,kddcup99_v2,43,0.61610235,0.61610235,True,12.08613023,1895.45565205,69.68619646,0.82051726
C_delta_thr005,10,kddcup99_v2,44,0.60110899,0.60110899,True,12.08613023,1919.36512672,74.46809140,0.81713093
C_delta_thr005,10,cicids2017_v2,42,0.47984515,0.47984515,True,37.96107582,5320.86245743,92.36895039,0.74713337
C_delta_thr005,10,cicids2017_v2,43,0.47958375,0.47958375,True,37.96107582,5456.88508033,119.57347497,0.74604989
C_delta_thr005,10,cicids2017_v2,44,0.47921204,0.47921204,True,37.96107582,5346.41057878,97.47857466,0.74559226
C_delta_thr005,10,ctu13_v2_f0,42,0.45599401,0.45599401,True,21.36245858,2764.54812309,15.07671252,0.27000036
C_delta_thr005,10,ctu13_v2_f0,43,0.45586690,0.45586690,True,21.36245858,2759.05039767,12.32784981,0.26936271
C_delta_thr005,10,ctu13_v2_f0,44,0.59274575,0.59274575,True,21.36245858,2765.59419948,15.59975072,0.34463342
C_delta_thr005,10,ctu13_v2_f1,42,0.88722645,0.88722645,True,19.46724723,2514.96210369,11.57722903,0.77668896
C_delta_thr005,10,ctu13_v2_f1,43,0.88741308,0.88741308,True,19.46724723,2522.82353610,15.50794524,0.77702311
C_delta_thr005,10,ctu13_v2_f1,44,0.91905209,0.91905209,True,19.46724723,2525.59371208,16.89303322,0.84816066
C_delta_thr005,50,nslkdd_v2,42,0.56491876,0.56491876,True,13.56028211,2627.70333570,178.39744500,0.64590117
C_delta_thr005,50,nslkdd_v2,43,0.48989300,0.48989300,True,13.56028211,3049.22436125,262.70165011,0.66236876
C_delta_thr005,50,nslkdd_v2,44,0.54477003,0.54477003,True,13.56028211,2616.80731015,176.21823989,0.63923036
C_delta_thr005,50,kddcup99_v2,42,0.65093720,0.65093720,True,12.08613023,2277.41474589,146.07801523,0.82016246
C_delta_thr005,50,kddcup99_v2,43,0.61771490,0.61771490,True,12.08613023,2113.05859261,113.20678458,0.81885614
C_delta_thr005,50,kddcup99_v2,44,0.65261898,0.65261898,True,12.08613023,2274.17336004,145.42973806,0.81850797
C_delta_thr005,50,cicids2017_v2,42,0.47987506,0.47987506,True,37.96107582,5411.14817575,110.42609405,0.74239495
C_delta_thr005,50,cicids2017_v2,43,0.47967567,0.47967567,True,37.96107582,5591.81177846,146.55881459,0.74594759
C_delta_thr005,50,cicids2017_v2,44,0.49775977,0.49775977,True,37.96107582,5268.91034916,81.97852873,0.76899742
C_delta_thr005,50,ctu13_v2_f0,42,0.59705577,0.59705577,True,21.36245858,3005.58565573,135.59547884,0.35002390
C_delta_thr005,50,ctu13_v2_f0,43,0.59592682,0.59592682,True,21.36245858,3016.33920213,140.97225204,0.34858573
C_delta_thr005,50,ctu13_v2_f0,44,0.46017078,0.46017078,True,21.36245858,3211.43631587,238.52080891,0.27369649
C_delta_thr005,50,ctu13_v2_f1,42,0.52723981,0.52723981,True,19.46724723,2594.42754475,51.30994956,0.28156078
C_delta_thr005,50,ctu13_v2_f1,43,0.88729223,0.88729223,True,19.46724723,2632.66301957,70.42768697,0.77682805
C_delta_thr005,50,ctu13_v2_f1,44,0.88716967,0.88716967,True,19.46724723,2772.82518583,140.50877010,0.77659304
D_delta_thr001,5,nslkdd_v2,42,0.48548837,0.48548837,True,14.58015436,2433.62335877,113.47272001,0.61369440
D_delta_thr001,5,nslkdd_v2,43,0.49902971,0.49902971,True,14.58015436,2480.82771469,122.91359120,0.62908715
D_delta_thr001,5,nslkdd_v2,44,0.52987787,0.52987787,True,14.58015436,2535.89203336,133.92645493,0.68532317
D_delta_thr001,5,kddcup99_v2,42,0.54711873,0.54711873,True,12.49057805,2640.79214800,208.39963155,0.83050550
D_delta_thr001,5,kddcup99_v2,43,0.55376572,0.55376572,True,12.49057805,2625.45547521,205.33229699,0.82947711
D_delta_thr001,5,kddcup99_v2,44,0.53144799,0.53144799,True,12.49057805,2589.81556704,198.20431535,0.82372518
D_delta_thr001,5,cicids2017_v2,42,0.31320008,0.31320008,True,39.90437727,5910.50897815,160.54973753,0.37392041
D_delta_thr001,5,cicids2017_v2,43,0.47838859,0.47838859,True,39.90437727,5916.81426366,161.81079463,0.74510095
D_delta_thr001,5,cicids2017_v2,44,0.50116461,0.50116461,True,39.90437727,5875.51901963,153.55174582,0.78638279
D_delta_thr001,5,ctu13_v2_f0,42,0.40585936,0.40585936,True,22.23277867,2869.33258841,11.76845952,0.21400976
D_delta_thr001,5,ctu13_v2_f0,43,0.40595134,0.40595134,True,22.23277867,2880.49654763,17.35043913,0.21537037
D_delta_thr001,5,ctu13_v2_f0,44,0.74474660,0.74474660,True,22.23277867,2881.75111670,17.97772366,0.50384831
D_delta_thr001,5,ctu13_v2_f1,42,0.86124229,0.86124229,True,20.65201191,2672.84442316,14.69344945,0.75415232
D_delta_thr001,5,ctu13_v2_f1,43,0.86108729,0.86108729,True,20.65201191,2720.02092498,38.28170036,0.75384383
D_delta_thr001,5,ctu13_v2_f1,44,0.37649243,0.37649243,True,20.65201191,2687.82506258,22.18376915,-0.15158275
D_delta_thr001,10,nslkdd_v2,42,0.54317015,0.54317015,True,14.58015436,2511.42166430,129.03238112,0.63229235
D_delta_thr001,10,nslkdd_v2,43,0.55191895,0.55191895,True,14.58015436,2484.57416608,123.66288148,0.65743018
D_delta_thr001,10,nslkdd_v2,44,0.55494900,0.55494900,True,14.58015436,2465.30784244,119.80961675,0.64048401
D_delta_thr001,10,kddcup99_v2,42,0.62354487,0.62354487,True,12.49057805,2054.45654907,91.13251176,0.82019878
D_delta_thr001,10,kddcup99_v2,43,0.61618586,0.61618586,True,12.49057805,1997.64485305,79.77017256,0.82586649
D_delta_thr001,10,kddcup99_v2,44,0.64726161,0.64726161,True,12.49057805,1983.78252832,76.99770761,0.82091693
D_delta_thr001,10,cicids2017_v2,42,0.48129534,0.48129534,True,39.90437727,5523.64484096,83.17691009,0.74849196
D_delta_thr001,10,cicids2017_v2,43,0.48155178,0.48155178,True,39.90437727,5563.50875560,91.14969302,0.75560251
D_delta_thr001,10,cicids2017_v2,44,0.48759399,0.48759399,True,39.90437727,5538.35625238,86.11919237,0.77950263
D_delta_thr001,10,ctu13_v2_f0,42,0.40599937,0.40599937,True,22.23277867,2870.39357242,12.29895152,0.21545692
D_delta_thr001,10,ctu13_v2_f0,43,0.40583740,0.40583740,True,22.23277867,2865.49306919,9.84869991,0.21431967
D_delta_thr001,10,ctu13_v2_f0,44,0.40595603,0.40595603,True,22.23277867,2893.18245786,23.69339425,0.21545246
D_delta_thr001,10,ctu13_v2_f1,42,0.86122308,0.86122308,True,20.65201191,2662.74942165,9.64594869,0.75406541
D_delta_thr001,10,ctu13_v2_f1,43,0.86117932,0.86117932,True,20.65201191,2816.02282122,86.28264848,0.75392598
D_delta_thr001,10,ctu13_v2_f1,44,0.86104233,0.86104233,True,20.65201191,2683.15685680,19.84966626,0.75371198
D_delta_thr001,50,nslkdd_v2,42,0.55556860,0.55556860,True,14.58015436,2957.10610362,218.16926899,0.63441972
D_delta_thr001,50,nslkdd_v2,43,0.50471992,0.50471992,True,14.58015436,3076.42299503,242.03264727,0.64960171
D_delta_thr001,50,nslkdd_v2,44,0.57586296,0.57586296,True,14.58015436,2904.47192158,207.64243258,0.64442920
D_delta_thr001,50,kddcup99_v2,42,0.64505778,0.64505778,True,12.49057805,2190.90665501,118.42253295,0.82113598
D_delta_thr001,50,kddcup99_v2,43,0.63270256,0.63270256,True,12.49057805,2581.82439901,196.60608175,0.82770304
D_delta_thr001,50,kddcup99_v2,44,0.62878518,0.62878518,True,12.49057805,2134.05142607,107.05148716,0.82151733
D_delta_thr001,50,cicids2017_v2,42,0.49994179,0.49994179,True,39.90437727,5573.89636352,93.22721460,0.77624068
D_delta_thr001,50,cicids2017_v2,43,0.50004011,0.50004011,True,39.90437727,5647.74532988,107.99700787,0.78181716
D_delta_thr001,50,cicids2017_v2,44,0.51605579,0.51605579,True,39.90437727,5459.47701147,70.34334419,0.78201598
D_delta_thr001,50,ctu13_v2_f0,42,0.40583819,0.40583819,True,22.23277867,2996.85116255,75.52774659,0.21429006
D_delta_thr001,50,ctu13_v2_f0,43,0.40595603,0.40595603,True,22.23277867,3055.71531642,104.95982352,0.21545246
D_delta_thr001,50,ctu13_v2_f0,44,0.40595603,0.40595603,True,22.23277867,3036.07593283,95.14013173,0.21545246
D_delta_thr001,50,ctu13_v2_f1,42,0.86118748,0.86118748,True,20.65201191,2868.58511264,112.56379418,0.75395767
D_delta_thr001,50,ctu13_v2_f1,43,0.81624329,0.81624329,True,20.65201191,2911.10546875,133.82397224,0.64411763
D_delta_thr001,50,ctu13_v2_f1,44,0.37650289,0.37650289,True,20.65201191,2802.01524575,79.27886074,-0.15140685
D_delta_thr001,25,nslkdd_v2,42,0.58231407,0.58231407,True,14.58015436,2424.47014727,111.64207771,0.63583687
D_delta_thr001,25,nslkdd_v2,43,0.55360426,0.55360426,True,14.58015436,2580.49614088,142.84727644,0.66640717
D_delta_thr001,25,nslkdd_v2,44,0.57428099,0.57428099,True,14.58015436,2587.59226402,144.26650106,0.65925409
D_delta_thr001,25,kddcup99_v2,42,0.64779372,0.64779372,True,12.49057805,1955.11238823,71.26367959,0.82385186
D_delta_thr001,25,kddcup99_v2,43,0.63703743,0.63703743,True,12.49057805,1989.75470455,78.19214285,0.82722904
D_delta_thr001,25,kddcup99_v2,44,0.63511618,0.63511618,True,12.49057805,2051.42181597,90.52556514,0.81855382
D_delta_thr001,25,cicids2017_v2,42,0.48454373,0.48454373,True,39.90437727,5448.42422883,68.13278766,0.75979128
D_delta_thr001,25,cicids2017_v2,43,0.48173328,0.48173328,True,39.90437727,5398.95105731,58.23815336,0.75058013
D_delta_thr001,25,cicids2017_v2,44,0.48141450,0.48141450,True,39.90437727,5339.74990639,46.39792317,0.75479796
D_delta_thr001,25,ctu13_v2_f0,42,0.40595603,0.40595603,True,22.23277867,2876.30412664,15.25422863,0.21545246
D_delta_thr001,25,ctu13_v2_f0,43,0.47848012,0.47848012,True,22.23277867,3159.33484514,156.76958789,0.29320433
D_delta_thr001,25,ctu13_v2_f0,44,0.47848426,0.47848426,True,22.23277867,2922.73308204,38.46870633,0.29323112
D_delta_thr001,25,ctu13_v2_f1,42,0.86117932,0.86117932,True,20.65201191,2986.11568947,171.32908260,0.75392598
D_delta_thr001,25,ctu13_v2_f1,43,0.86106749,0.86106749,True,20.65201191,2731.24863471,43.89555522,0.75376075
D_delta_thr001,25,ctu13_v2_f1,44,0.86122546,0.86122546,True,20.65201191,2785.43835331,70.99041452,0.75405017
C_delta_thr005,25,cicids2017_v2,42,0.50121778,0.62652223,True,37.96107582,5184.16114754,65.02868841,0.77385773
C_delta_thr005,25,cicids2017_v2,43,0.50811182,0.63513977,True,37.96107582,5314.38355247,91.07316940,0.76734800
C_delta_thr005,25,cicids2017_v2,44,0.49876132,0.62345165,True,37.96107582,5235.73169749,75.34279840,0.77258463
B_latency_thr001,25,cicids2017_v2,42,0.78372185,0.78372185,True,39.90437727,6850.11238855,348.47041960,0.98403615
B_latency_thr001,25,cicids2017_v2,43,0.77977036,0.77977036,True,39.90437727,6812.84693687,341.01732927,0.97575185
B_latency_thr001,25,cicids2017_v2,44,0.78390721,0.78390721,True,39.90437727,7054.93686148,389.43531419,0.98297208
A_rate,25,cicids2017_v2,42,0.73461931,0.73461931,True,369.20223897,48794.90615241,307.40391273,0.94802746
A_rate,25,cicids2017_v2,43,0.73668891,0.73668891,True,369.17566307,48974.19273446,343.94157223,0.93811881
A_rate,25,cicids2017_v2,44,0.74103860,0.74103860,True,369.20542893,48954.97188211,339.33539579,0.94755331
C_delta_thr005,25,ctu13_v2_f0,42,0.59595861,0.59595861,True,21.36245858,2816.94461115,41.27495655,0.34869986
C_delta_thr005,25,ctu13_v2_f0,43,0.59597296,0.59597296,True,21.36245858,2841.56439520,53.58484858,0.34861051
C_delta_thr005,25,ctu13_v2_f0,44,0.58526628,0.58526628,True,21.36245858,2989.16144442,127.38337319,0.33594683
B_latency_thr001,25,ctu13_v2_f0,42,0.99973727,0.99973727,True,22.23277867,3390.73821048,272.47127055,0.99947457
B_latency_thr001,25,ctu13_v2_f0,43,0.99966946,0.99966946,True,22.23277867,3340.04577164,247.12505113,0.99933892
B_latency_thr001,25,ctu13_v2_f0,44,0.99897984,0.99897984,True,22.23277867,3450.77217682,302.48825372,0.99796116
A_rate,25,ctu13_v2_f0,42,0.99040487,0.99040487,True,309.03889162,40204.47520474,323.74853875,0.98092771
A_rate,25,ctu13_v2_f0,43,0.98826995,0.98826995,True,309.10902886,40128.16608143,281.10519351,0.97674816
A_rate,25,ctu13_v2_f0,44,0.98618541,0.98618541,True,309.05320624,40215.99043496,328.59001820,0.97268583
C_delta_thr005,25,ctu13_v2_f1,42,0.87511161,0.87511161,True,19.46724723,2685.02764715,96.61000076,0.75112475
C_delta_thr005,25,ctu13_v2_f1,43,0.88722045,0.88722045,True,19.46724723,3130.87872611,319.53554024,0.77679474
C_delta_thr005,25,ctu13_v2_f1,44,0.87530877,0.87530877,True,19.46724723,2827.98091437,168.08663437,0.75150402
B_latency_thr001,25,ctu13_v2_f1,42,0.76879771,0.76879771,True,20.65201191,3211.41676464,283.97962018,0.62094203
B_latency_thr001,25,ctu13_v2_f1,43,0.77723902,0.77723902,True,20.65201191,3002.69638387,179.61942980,0.62858591
B_latency_thr001,25,ctu13_v2_f1,44,0.76695119,0.76695119,True,20.65201191,3120.56725956,238.55486764,0.61579774
A_rate,25,ctu13_v2_f1,42,0.76829282,0.76829282,True,308.24462417,40012.64631371,278.66721025,0.61608373
A_rate,25,ctu13_v2_f1,43,0.77335343,0.77335343,True,308.28270536,40030.03233086,284.92302222,0.62271160
A_rate,25,ctu13_v2_f1,44,0.78142490,0.78142490,True,308.24771503,40105.85163835,325.07205704,0.63433750
C_delta_thr005,25,kddcup99_v2,42,0.60790539,0.60790539,True,12.08613023,1913.88702018,73.37247009,0.81935471
C_delta_thr005,25,kddcup99_v2,43,0.63042276,0.63042276,True,12.08613023,1889.96171097,68.58740825,0.82047903
C_delta_thr005,25,kddcup99_v2,44,0.63142615,0.63142615,True,12.08613023,1919.42954194,74.48097444,0.81790580
B_latency_thr001,25,kddcup99_v2,42,0.63824301,0.63824301,True,12.49057805,2875.97008961,255.43521987,0.82441800
B_latency_thr001,25,kddcup99_v2,43,0.63773698,0.63773698,True,12.49057805,3019.04047854,284.04929765,0.82419574
B_latency_thr001,25,kddcup99_v2,44,0.64224724,0.64224724,True,12.49057805,3074.44362423,295.12992679,0.83215149
A_rate,25,kddcup99_v2,42,0.64848495,0.64848495,True,245.58239907,33059.08352276,324.90728839,0.83158923
A_rate,25,kddcup99_v2,43,0.62729147,0.62729147,True,245.58225439,33579.82543107,429.05937388,0.82724153
A_rate,25,kddcup99_v2,44,0.58765427,0.58765427,True,245.57718412,33195.47536725,352.31915995,0.82418635
C_delta_thr005,25,nslkdd_v2,42,0.52703971,0.52703971,True,13.56028211,2362.15041696,125.28686125,0.61916316
C_delta_thr005,25,nslkdd_v2,43,0.50130353,0.50130353,True,13.56028211,2527.31831086,158.32044003,0.65810667
C_delta_thr005,25,nslkdd_v2,44,0.54041685,0.54041685,True,13.56028211,2522.18679028,157.29413591,0.65009245
B_latency_thr001,25,nslkdd_v2,42,0.56307000,0.56307000,True,14.58015436,3250.42184173,276.83241661,0.62080926
B_latency_thr001,25,nslkdd_v2,43,0.57134609,0.57134609,True,14.58015436,3637.02426366,354.15290099,0.67324048
B_latency_thr001,25,nslkdd_v2,44,0.61088108,0.61088108,True,14.58015436,3313.88262952,289.52457417,0.69372153
A_rate,25,nslkdd_v2,42,0.54051431,0.54051431,True,238.59958304,32396.50492370,371.15165898,0.66443392
A_rate,25,nslkdd_v2,43,0.55225521,0.55225521,True,238.61874556,32573.80580199,406.12127395,0.66772835
A_rate,25,nslkdd_v2,44,0.57638128,0.57638128,True,238.56777857,32594.33822747,411.53251419,0.63723897
