protocol,T,premium_pp,f1_timing,f1_notiming,in_spk_timing,in_spk_notiming,matched,usable
cicids2017_v2,5,34.65002155,0.77741798,0.43091776,39.90437727,39.90437727,0.00000000,True
ctu13_v2_f0,5,46.54301307,0.98428257,0.51885244,22.23277867,22.23277867,0.00000000,True
ctu13_v2_f1,5,6.79071467,0.76751448,0.69960734,20.65201191,20.65201191,0.00000000,True
kddcup99_v2,5,-1.33479938,0.53076282,0.54411081,12.49057805,12.49057805,0.00000000,True
nslkdd_v2,5,-2.46137970,0.48018485,0.50479865,14.58015436,14.58015436,0.00000000,True
cicids2017_v2,10,28.44191447,0.76789951,0.48348037,39.90437727,39.90437727,0.00000000,True
ctu13_v2_f0,10,59.29812237,0.99891216,0.40593094,22.23277867,22.23277867,0.00000000,True
ctu13_v2_f1,10,-15.46534634,0.70649478,0.86114824,20.65201191,20.65201191,0.00000000,True
kddcup99_v2,10,1.14678259,0.64046527,0.62899745,12.49057805,12.49057805,0.00000000,True
nslkdd_v2,10,1.91501189,0.56916282,0.55001270,14.58015436,14.58015436,0.00000000,True
cicids2017_v2,25,29.99026352,0.78246647,0.48256384,39.90437727,39.90437727,0.00000000,True
ctu13_v2_f0,25,54.51553871,0.99946219,0.45430680,22.23277867,22.23277867,0.00000000,True
ctu13_v2_f1,25,-9.01614509,0.77099597,0.86115742,20.65201191,20.65201191,0.00000000,True
kddcup99_v2,25,-0.05733662,0.63940908,0.63998244,12.49057805,12.49057805,0.00000000,True
nslkdd_v2,25,1.16992805,0.58176572,0.57006644,14.58015436,14.58015436,0.00000000,True
cicids2017_v2,50,28.49652392,0.79031114,0.50534590,39.90437727,39.90437727,0.00000000,True
ctu13_v2_f0,50,56.40174391,0.96993419,0.40591675,22.23277867,22.23277867,0.00000000,True
ctu13_v2_f1,50,4.83466659,0.73299122,0.68464455,20.65201191,20.65201191,0.00000000,True
kddcup99_v2,50,-0.24866440,0.63302853,0.63551517,12.49057805,12.49057805,0.00000000,True
nslkdd_v2,50,6.19278648,0.60731169,0.54538383,14.58015436,14.58015436,0.00000000,True
