arm,protocol,seed,f1,in_spk,sops
A2_permuted,nslkdd_v2,42,0.53402272,14.58015436,3369.27164656
A2_permuted,nslkdd_v2,43,0.48201634,14.58015436,3432.16243790
A2_permuted,nslkdd_v2,44,0.51795801,14.58015436,3530.62389106
A2_permuted,kddcup99_v2,42,0.57675810,12.49057805,2601.70860595
A2_permuted,kddcup99_v2,43,0.58016026,12.49057805,2577.78530619
A2_permuted,kddcup99_v2,44,0.59023953,12.49057805,2492.20507091
A2_permuted,cicids2017_v2,42,0.63611912,39.90437727,7447.30142082
A2_permuted,cicids2017_v2,43,0.58717986,39.90437727,7485.33215285
A2_permuted,cicids2017_v2,44,0.63284229,39.90437727,7841.65562252
A2_permuted,ctu13_v2_f0,42,0.73007902,22.23277867,3842.50465211
A2_permuted,ctu13_v2_f0,43,0.81985617,22.23277867,3807.64715314
A2_permuted,ctu13_v2_f0,44,0.73090569,22.23277867,3695.13223864
A2_permuted,ctu13_v2_f1,42,0.72999683,20.65201191,3049.59417665
A2_permuted,ctu13_v2_f1,43,0.73239199,20.65201191,3092.12894417
A2_permuted,ctu13_v2_f1,44,0.73917688,20.65201191,3230.21673051
A3_delta,nslkdd_v2,42,0.58231407,14.58015436,2424.47014727
A3_delta,nslkdd_v2,43,0.55360426,14.58015436,2580.49614088
A3_delta,nslkdd_v2,44,0.57428099,14.58015436,2587.59226402
A3_delta,kddcup99_v2,42,0.64779372,12.49057805,1955.11238823
A3_delta,kddcup99_v2,43,0.63703743,12.49057805,1989.75470455
A3_delta,kddcup99_v2,44,0.63511618,12.49057805,2051.42181597
A3_delta,cicids2017_v2,42,0.48454373,39.90437727,5448.42422883
A3_delta,cicids2017_v2,43,0.48173328,39.90437727,5398.95105731
A3_delta,cicids2017_v2,44,0.48141450,39.90437727,5339.74990639
A3_delta,ctu13_v2_f0,42,0.40595603,22.23277867,2876.30412664
A3_delta,ctu13_v2_f0,43,0.47848012,22.23277867,3159.33484514
A3_delta,ctu13_v2_f0,44,0.47848426,22.23277867,2922.73308204
A3_delta,ctu13_v2_f1,42,0.86117932,20.65201191,2986.11568947
A3_delta,ctu13_v2_f1,43,0.86106749,20.65201191,2731.24863471
A3_delta,ctu13_v2_f1,44,0.86122546,20.65201191,2785.43835331
A1_latency,cicids2017_v2,42,0.78372185,39.90437727,6850.11238855
A1_latency,cicids2017_v2,43,0.77977036,39.90437727,6812.84693687
A1_latency,cicids2017_v2,44,0.78390721,39.90437727,7054.93686148
A1_latency,ctu13_v2_f0,42,0.99973727,22.23277867,3390.73821048
A1_latency,ctu13_v2_f0,43,0.99966946,22.23277867,3340.04577164
A1_latency,ctu13_v2_f0,44,0.99897984,22.23277867,3450.77217682
A1_latency,ctu13_v2_f1,42,0.76879771,20.65201191,3211.41676464
A1_latency,ctu13_v2_f1,43,0.77723902,20.65201191,3002.69638387
A1_latency,ctu13_v2_f1,44,0.76695119,20.65201191,3120.56725956
A1_latency,kddcup99_v2,42,0.63824301,12.49057805,2875.97008961
A1_latency,kddcup99_v2,43,0.63773698,12.49057805,3019.04047854
A1_latency,kddcup99_v2,44,0.64224724,12.49057805,3074.44362423
A1_latency,nslkdd_v2,42,0.56307000,14.58015436,3250.42184173
A1_latency,nslkdd_v2,43,0.57134609,14.58015436,3637.02426366
A1_latency,nslkdd_v2,44,0.61088108,14.58015436,3313.88262952
