protocol,cls,name,support,well_supported,contribution_pp,share_pct
nslkdd_v2,0,normal,9711,True,0.02023398,0.53922700
nslkdd_v2,1,dos,7460,True,-0.03315415,-0.88354385
nslkdd_v2,2,probe,2421,True,-0.04319905,-1.15123617
nslkdd_v2,3,r2l,2885,True,2.24491219,59.82595372
nslkdd_v2,4,u2r,67,False,1.56361221,41.66959930
kddcup99_v2,0,normal,60593,True,-0.02875863,-1.30374109
kddcup99_v2,1,dos,229855,True,-0.00036609,-0.01659647
kddcup99_v2,2,probe,4166,True,-0.14274243,-6.47107165
kddcup99_v2,3,r2l,16345,True,0.27339163,12.39390968
kddcup99_v2,4,u2r,70,False,2.10433014,95.39749952
cicids2017_v2,0,normal,523965,True,0.05639069,0.99743817
cicids2017_v2,1,dos,18892,True,1.31961412,23.34132541
cicids2017_v2,2,probe,21734,True,0.02631381,0.46543854
cicids2017_v2,3,r2l,1561,False,4.25123401,75.19579788
cicids2017_v2,4,u2r,0,False,0.00000000,0.00000000
ctu13_v2_f0,0,normal,151533,True,0.63304524,57.78339426
ctu13_v2_f0,1,botnet,212710,True,0.46250349,42.21660574
ctu13_v2_f1,0,normal,96297,True,-0.39908238,82.64457476
ctu13_v2_f1,1,botnet,114647,True,-0.08380761,17.35542524
