protocol,encoding,cls,name,support,n_test,f1,sd,n,support_frac,well_supported
cicids2017_v2,delta,0,normal,523965,566152,0.98367518,0.00068693,5,0.92548468,True
cicids2017_v2,delta,1,dos,18892,566152,0.51665827,0.04337071,5,0.03336913,True
cicids2017_v2,delta,2,probe,21734,566152,0.99003039,0.00003048,5,0.03838898,True
cicids2017_v2,delta,3,r2l,1561,566152,0.00000000,0.00000000,5,0.00275721,False
cicids2017_v2,delta,4,u2r,0,566152,0.00000000,0.00000000,5,0.00000000,False
cicids2017_v2,latency,0,normal,523965,566152,0.99865983,0.00024651,5,0.92548468,True
cicids2017_v2,latency,1,dos,18892,566152,0.96490873,0.00685229,5,0.03336913,True
cicids2017_v2,latency,2,probe,21734,566152,0.99712105,0.00016730,5,0.03838898,True
cicids2017_v2,latency,3,r2l,1561,566152,0.96046940,0.01233640,5,0.00275721,False
cicids2017_v2,latency,4,u2r,0,566152,0.00000000,0.00000000,5,0.00000000,False
cicids2017_v2,rate,0,normal,523965,566152,0.99584030,0.00036322,5,0.92548468,True
cicids2017_v2,rate,1,dos,18892,566152,0.89892802,0.01205364,5,0.03336913,True
cicids2017_v2,rate,2,probe,21734,566152,0.99580536,0.00032032,5,0.03838898,True
cicids2017_v2,rate,3,r2l,1561,566152,0.74790770,0.07895879,5,0.00275721,False
cicids2017_v2,rate,4,u2r,0,566152,0.00000000,0.00000000,5,0.00000000,False
ctu13_v2_f0,delta,0,normal,151533,364243,0.66185431,0.00216036,5,0.41602172,True
ctu13_v2_f0,delta,1,botnet,212710,364243,0.52576764,0.00739303,5,0.58397828,True
ctu13_v2_f0,latency,0,normal,151533,364243,0.99829770,0.00154500,5,0.41602172,True
ctu13_v2_f0,latency,1,botnet,212710,364243,0.99878290,0.00110767,5,0.58397828,True
ctu13_v2_f0,rate,0,normal,151533,364243,0.98563679,0.00203276,5,0.41602172,True
ctu13_v2_f0,rate,1,botnet,212710,364243,0.98953283,0.00152029,5,0.58397828,True
ctu13_v2_f1,delta,0,normal,96297,210944,0.86878826,0.00659603,5,0.45650504,True
ctu13_v2_f1,delta,1,botnet,114647,210944,0.89627944,0.00678020,5,0.54349496,True
ctu13_v2_f1,latency,0,normal,96297,210944,0.70276444,0.00633410,5,0.45650504,True
ctu13_v2_f1,latency,1,botnet,114647,210944,0.83767485,0.00185844,5,0.54349496,True
ctu13_v2_f1,rate,0,normal,96297,210944,0.71074608,0.00732573,5,0.45650504,True
ctu13_v2_f1,rate,1,botnet,114647,210944,0.83935101,0.00266363,5,0.54349496,True
kddcup99_v2,delta,0,normal,60593,311029,0.84225083,0.00106217,5,0.19481463,True
kddcup99_v2,delta,1,dos,229855,311029,0.98309785,0.00057979,5,0.73901469,True
kddcup99_v2,delta,2,probe,4166,311029,0.75010963,0.02112147,5,0.01339425,True
kddcup99_v2,delta,3,r2l,16345,311029,0.05341680,0.01877954,5,0.05255137,True
kddcup99_v2,delta,4,u2r,70,311029,0.41258022,0.18277232,5,0.00022506,False
kddcup99_v2,latency,0,normal,60593,311029,0.83995428,0.00297405,5,0.19481463,True
kddcup99_v2,latency,1,dos,229855,311029,0.98557001,0.00046548,5,0.73901469,True
kddcup99_v2,latency,2,probe,4166,311029,0.77593082,0.03341483,5,0.01339425,True
kddcup99_v2,latency,3,r2l,16345,311029,0.11357515,0.01003571,5,0.05255137,True
kddcup99_v2,latency,4,u2r,70,311029,0.43965761,0.06503962,5,0.00022506,False
kddcup99_v2,rate,0,normal,60593,311029,0.84139221,0.00354520,5,0.19481463,True
kddcup99_v2,rate,1,dos,229855,311029,0.98558832,0.00047102,5,0.73901469,True
kddcup99_v2,rate,2,probe,4166,311029,0.78306794,0.03238014,5,0.01339425,True
kddcup99_v2,rate,3,r2l,16345,311029,0.09990557,0.01665729,5,0.05255137,True
kddcup99_v2,rate,4,u2r,70,311029,0.33444110,0.16271067,5,0.00022506,False
nslkdd_v2,delta,0,normal,9711,22544,0.79775215,0.00885103,5,0.43075763,True
nslkdd_v2,delta,1,dos,7460,22544,0.85135294,0.01900818,5,0.33090845,True
nslkdd_v2,delta,2,probe,2421,22544,0.68778941,0.02745453,5,0.10738999,True
nslkdd_v2,delta,3,r2l,2885,22544,0.09318498,0.01665889,5,0.12797197,True
nslkdd_v2,delta,4,u2r,67,22544,0.16842229,0.07875761,5,0.00297197,False
nslkdd_v2,latency,0,normal,9711,22544,0.78870699,0.01753397,5,0.43075763,True
nslkdd_v2,latency,1,dos,7460,22544,0.88199211,0.01570396,5,0.33090845,True
nslkdd_v2,latency,2,probe,2421,22544,0.68874423,0.02623201,5,0.10738999,True
nslkdd_v2,latency,3,r2l,2885,22544,0.27533399,0.06581765,5,0.12797197,True
nslkdd_v2,latency,4,u2r,67,22544,0.28826891,0.12840741,5,0.00297197,False
nslkdd_v2,rate,0,normal,9711,22544,0.78769529,0.00772372,5,0.43075763,True
nslkdd_v2,rate,1,dos,7460,22544,0.88364982,0.01707712,5,0.33090845,True
nslkdd_v2,rate,2,probe,2421,22544,0.69090419,0.02594040,5,0.10738999,True
nslkdd_v2,rate,3,r2l,2885,22544,0.16308838,0.03058664,5,0.12797197,True
nslkdd_v2,rate,4,u2r,67,22544,0.21008830,0.17317756,5,0.00297197,False
