protocol,encoding,seed,cls,name,f1,support,n_test
cicids2017_v2,delta,42,0,normal,0.98415031,523965,566152
cicids2017_v2,delta,42,1,dos,0.53192185,18892,566152
cicids2017_v2,delta,42,2,probe,0.99001675,21734,566152
cicids2017_v2,delta,42,3,r2l,0.00000000,1561,566152
cicids2017_v2,delta,42,4,u2r,0.00000000,0,566152
cicids2017_v2,delta,43,0,normal,0.98292986,523965,566152
cicids2017_v2,delta,43,1,dos,0.56763519,18892,566152
cicids2017_v2,delta,43,2,probe,0.98999403,21734,566152
cicids2017_v2,delta,43,3,r2l,0.00000000,1561,566152
cicids2017_v2,delta,43,4,u2r,0.00000000,0,566152
cicids2017_v2,delta,44,0,normal,0.98412837,523965,566152
cicids2017_v2,delta,44,1,dos,0.51961604,18892,566152
cicids2017_v2,delta,44,2,probe,0.99006220,21734,566152
cicids2017_v2,delta,44,3,r2l,0.00000000,1561,566152
cicids2017_v2,delta,44,4,u2r,0.00000000,0,566152
cicids2017_v2,delta,45,0,normal,0.98291882,523965,566152
cicids2017_v2,delta,45,1,dos,0.44822496,18892,566152
cicids2017_v2,delta,45,2,probe,0.99001675,21734,566152
cicids2017_v2,delta,45,3,r2l,0.00000000,1561,566152
cicids2017_v2,delta,45,4,u2r,0.00000000,0,566152
cicids2017_v2,delta,46,0,normal,0.98424856,523965,566152
cicids2017_v2,delta,46,1,dos,0.51589331,18892,566152
cicids2017_v2,delta,46,2,probe,0.99006220,21734,566152
cicids2017_v2,delta,46,3,r2l,0.00000000,1561,566152
cicids2017_v2,delta,46,4,u2r,0.00000000,0,566152
cicids2017_v2,latency,42,0,normal,0.99887863,523965,566152
cicids2017_v2,latency,42,1,dos,0.97148233,18892,566152
cicids2017_v2,latency,42,2,probe,0.99723196,21734,566152
cicids2017_v2,latency,42,3,r2l,0.95101633,1561,566152
cicids2017_v2,latency,42,4,u2r,0.00000000,0,566152
cicids2017_v2,latency,43,0,normal,0.99824818,523965,566152
cicids2017_v2,latency,43,1,dos,0.95422139,18892,566152
cicids2017_v2,latency,43,2,probe,0.99711656,21734,566152
cicids2017_v2,latency,43,3,r2l,0.94926569,1561,566152
cicids2017_v2,latency,43,4,u2r,0.00000000,0,566152
cicids2017_v2,latency,44,0,normal,0.99879856,523965,566152
cicids2017_v2,latency,44,1,dos,0.96939873,18892,566152
cicids2017_v2,latency,44,2,probe,0.99683858,21734,566152
cicids2017_v2,latency,44,3,r2l,0.95450017,1561,566152
cicids2017_v2,latency,44,4,u2r,0.00000000,0,566152
cicids2017_v2,latency,45,0,normal,0.99873709,523965,566152
cicids2017_v2,latency,45,1,dos,0.96697370,18892,566152
cicids2017_v2,latency,45,2,probe,0.99725572,21734,566152
cicids2017_v2,latency,45,3,r2l,0.97515328,1561,566152
cicids2017_v2,latency,45,4,u2r,0.00000000,0,566152
cicids2017_v2,latency,46,0,normal,0.99863670,523965,566152
cicids2017_v2,latency,46,1,dos,0.96246750,18892,566152
cicids2017_v2,latency,46,2,probe,0.99716243,21734,566152
cicids2017_v2,latency,46,3,r2l,0.97241155,1561,566152
cicids2017_v2,latency,46,4,u2r,0.00000000,0,566152
cicids2017_v2,rate,42,0,normal,0.99620262,523965,566152
cicids2017_v2,rate,42,1,dos,0.90819591,18892,566152
cicids2017_v2,rate,42,2,probe,0.99612153,21734,566152
cicids2017_v2,rate,42,3,r2l,0.77257648,1561,566152
cicids2017_v2,rate,42,4,u2r,0.00000000,0,566152
cicids2017_v2,rate,43,0,normal,0.99545889,523965,566152
cicids2017_v2,rate,43,1,dos,0.88514197,18892,566152
cicids2017_v2,rate,43,2,probe,0.99565639,21734,566152
cicids2017_v2,rate,43,3,r2l,0.80718728,1561,566152
cicids2017_v2,rate,43,4,u2r,0.00000000,0,566152
cicids2017_v2,rate,44,0,normal,0.99615775,523965,566152
cicids2017_v2,rate,44,1,dos,0.90735851,18892,566152
cicids2017_v2,rate,44,2,probe,0.99605108,21734,566152
cicids2017_v2,rate,44,3,r2l,0.80562568,1561,566152
cicids2017_v2,rate,44,4,u2r,0.00000000,0,566152
cicids2017_v2,rate,45,0,normal,0.99592101,523965,566152
cicids2017_v2,rate,45,1,dos,0.90761344,18892,566152
cicids2017_v2,rate,45,2,probe,0.99533185,21734,566152
cicids2017_v2,rate,45,3,r2l,0.61604462,1561,566152
cicids2017_v2,rate,45,4,u2r,0.00000000,0,566152
cicids2017_v2,rate,46,0,normal,0.99546123,523965,566152
cicids2017_v2,rate,46,1,dos,0.88633030,18892,566152
cicids2017_v2,rate,46,2,probe,0.99586596,21734,566152
cicids2017_v2,rate,46,3,r2l,0.73810445,1561,566152
cicids2017_v2,rate,46,4,u2r,0.00000000,0,566152
ctu13_v2_f0,delta,42,0,normal,0.66284608,151533,364243
ctu13_v2_f0,delta,42,1,botnet,0.52907114,212710,364243
ctu13_v2_f0,delta,43,0,normal,0.66281590,151533,364243
ctu13_v2_f0,delta,43,1,botnet,0.52913001,212710,364243
ctu13_v2_f0,delta,44,0,normal,0.65798983,151533,364243
ctu13_v2_f0,delta,44,1,botnet,0.51254274,212710,364243
ctu13_v2_f0,delta,45,0,normal,0.66281305,151533,364243
ctu13_v2_f0,delta,45,1,botnet,0.52904096,212710,364243
ctu13_v2_f0,delta,46,0,normal,0.66280669,151533,364243
ctu13_v2_f0,delta,46,1,botnet,0.52905336,212710,364243
ctu13_v2_f0,latency,42,0,normal,0.99969318,151533,364243
ctu13_v2_f0,latency,42,1,botnet,0.99978137,212710,364243
ctu13_v2_f0,latency,43,0,normal,0.99961393,151533,364243
ctu13_v2_f0,latency,43,1,botnet,0.99972499,212710,364243
ctu13_v2_f0,latency,44,0,normal,0.99880764,151533,364243
ctu13_v2_f0,latency,44,1,botnet,0.99915203,212710,364243
ctu13_v2_f0,latency,45,0,normal,0.99622934,151533,364243
ctu13_v2_f0,latency,45,1,botnet,0.99729669,212710,364243
ctu13_v2_f0,latency,46,0,normal,0.99714439,151533,364243
ctu13_v2_f0,latency,46,1,botnet,0.99795939,212710,364243
ctu13_v2_f0,rate,42,0,normal,0.98886545,151533,364243
ctu13_v2_f0,rate,42,1,botnet,0.99194428,212710,364243
ctu13_v2_f0,rate,43,0,normal,0.98641723,151533,364243
ctu13_v2_f0,rate,43,1,botnet,0.99012267,212710,364243
ctu13_v2_f0,rate,44,0,normal,0.98403553,151533,364243
ctu13_v2_f0,rate,44,1,botnet,0.98833530,212710,364243
ctu13_v2_f0,rate,45,0,normal,0.98430603,151533,364243
ctu13_v2_f0,rate,45,1,botnet,0.98852803,212710,364243
ctu13_v2_f0,rate,46,0,normal,0.98455972,151533,364243
ctu13_v2_f0,rate,46,1,botnet,0.98873385,212710,364243
ctu13_v2_f1,delta,42,0,normal,0.86144543,96297,210944
ctu13_v2_f1,delta,42,1,botnet,0.88877779,114647,210944
ctu13_v2_f1,delta,43,0,normal,0.87336306,96297,210944
ctu13_v2_f1,delta,43,1,botnet,0.90107784,114647,210944
ctu13_v2_f1,delta,44,0,normal,0.86168780,96297,210944
ctu13_v2_f1,delta,44,1,botnet,0.88892973,114647,210944
ctu13_v2_f1,delta,45,0,normal,0.87352955,96297,210944
ctu13_v2_f1,delta,45,1,botnet,0.90117175,114647,210944
ctu13_v2_f1,delta,46,0,normal,0.87391544,96297,210944
ctu13_v2_f1,delta,46,1,botnet,0.90144009,114647,210944
ctu13_v2_f1,latency,42,0,normal,0.70043682,96297,210944
ctu13_v2_f1,latency,42,1,botnet,0.83715859,114647,210944
ctu13_v2_f1,latency,43,0,normal,0.71384933,96297,210944
ctu13_v2_f1,latency,43,1,botnet,0.84062870,114647,210944
ctu13_v2_f1,latency,44,0,normal,0.69834594,96297,210944
ctu13_v2_f1,latency,44,1,botnet,0.83555643,114647,210944
ctu13_v2_f1,latency,45,0,normal,0.69931929,96297,210944
ctu13_v2_f1,latency,45,1,botnet,0.83713792,114647,210944
ctu13_v2_f1,latency,46,0,normal,0.70187079,96297,210944
ctu13_v2_f1,latency,46,1,botnet,0.83789263,114647,210944
ctu13_v2_f1,rate,42,0,normal,0.70071742,96297,210944
ctu13_v2_f1,rate,42,1,botnet,0.83586822,114647,210944
ctu13_v2_f1,rate,43,0,normal,0.70826711,96297,210944
ctu13_v2_f1,rate,43,1,botnet,0.83843975,114647,210944
ctu13_v2_f1,rate,44,0,normal,0.71999314,96297,210944
ctu13_v2_f1,rate,44,1,botnet,0.84285667,114647,210944
ctu13_v2_f1,rate,45,0,normal,0.71530230,96297,210944
ctu13_v2_f1,rate,45,1,botnet,0.84096467,114647,210944
ctu13_v2_f1,rate,46,0,normal,0.70945044,96297,210944
ctu13_v2_f1,rate,46,1,botnet,0.83862571,114647,210944
kddcup99_v2,delta,42,0,normal,0.84238171,60593,311029
kddcup99_v2,delta,42,1,dos,0.98251979,229855,311029
kddcup99_v2,delta,42,2,probe,0.72950245,4166,311029
kddcup99_v2,delta,42,3,r2l,0.05793852,16345,311029
kddcup99_v2,delta,42,4,u2r,0.42718447,70,311029
kddcup99_v2,delta,43,0,normal,0.84175904,60593,311029
kddcup99_v2,delta,43,1,dos,0.98328256,229855,311029
kddcup99_v2,delta,43,2,probe,0.75959995,4166,311029
kddcup99_v2,delta,43,3,r2l,0.04573314,16345,311029
kddcup99_v2,delta,43,4,u2r,0.52173913,70,311029
kddcup99_v2,delta,44,0,normal,0.84069720,60593,311029
kddcup99_v2,delta,44,1,dos,0.98245606,229855,311029
kddcup99_v2,delta,44,2,probe,0.72998180,4166,311029
kddcup99_v2,delta,44,3,r2l,0.03488999,16345,311029
kddcup99_v2,delta,44,4,u2r,0.56910569,70,311029
kddcup99_v2,delta,45,0,normal,0.84314715,60593,311029
kddcup99_v2,delta,45,1,dos,0.98373526,229855,311029
kddcup99_v2,delta,45,2,probe,0.75201153,4166,311029
kddcup99_v2,delta,45,3,r2l,0.04486071,16345,311029
kddcup99_v2,delta,45,4,u2r,0.10256410,70,311029
kddcup99_v2,delta,46,0,normal,0.84326903,60593,311029
kddcup99_v2,delta,46,1,dos,0.98349560,229855,311029
kddcup99_v2,delta,46,2,probe,0.77945240,4166,311029
kddcup99_v2,delta,46,3,r2l,0.08366165,16345,311029
kddcup99_v2,delta,46,4,u2r,0.44230769,70,311029
kddcup99_v2,latency,42,0,normal,0.83794261,60593,311029
kddcup99_v2,latency,42,1,dos,0.98521992,229855,311029
kddcup99_v2,latency,42,2,probe,0.75190658,4166,311029
kddcup99_v2,latency,42,3,r2l,0.10737402,16345,311029
kddcup99_v2,latency,42,4,u2r,0.50877193,70,311029
kddcup99_v2,latency,43,0,normal,0.83657582,60593,311029
kddcup99_v2,latency,43,1,dos,0.98533084,229855,311029
kddcup99_v2,latency,43,2,probe,0.74683544,4166,311029
kddcup99_v2,latency,43,3,r2l,0.11994278,16345,311029
kddcup99_v2,latency,43,4,u2r,0.50000000,70,311029
kddcup99_v2,latency,44,0,normal,0.84428799,60593,311029
kddcup99_v2,latency,44,1,dos,0.98615453,229855,311029
kddcup99_v2,latency,44,2,probe,0.83028178,4166,311029
kddcup99_v2,latency,44,3,r2l,0.11003572,16345,311029
kddcup99_v2,latency,44,4,u2r,0.44047619,70,311029
kddcup99_v2,latency,45,0,normal,0.84102102,60593,311029
kddcup99_v2,latency,45,1,dos,0.98598786,229855,311029
kddcup99_v2,latency,45,2,probe,0.76869272,4166,311029
kddcup99_v2,latency,45,3,r2l,0.10289947,16345,311029
kddcup99_v2,latency,45,4,u2r,0.37735849,70,311029
kddcup99_v2,latency,46,0,normal,0.83994393,60593,311029
kddcup99_v2,latency,46,1,dos,0.98515691,229855,311029
kddcup99_v2,latency,46,2,probe,0.78193756,4166,311029
kddcup99_v2,latency,46,3,r2l,0.12762375,16345,311029
kddcup99_v2,latency,46,4,u2r,0.37168142,70,311029
kddcup99_v2,rate,42,0,normal,0.84644121,60593,311029
kddcup99_v2,rate,42,1,dos,0.98571611,229855,311029
kddcup99_v2,rate,42,2,probe,0.81968899,4166,311029
kddcup99_v2,rate,42,3,r2l,0.12210999,16345,311029
kddcup99_v2,rate,42,4,u2r,0.46846847,70,311029
kddcup99_v2,rate,43,0,normal,0.84093357,60593,311029
kddcup99_v2,rate,43,1,dos,0.98619759,229855,311029
kddcup99_v2,rate,43,2,probe,0.79461603,4166,311029
kddcup99_v2,rate,43,3,r2l,0.09269183,16345,311029
kddcup99_v2,rate,43,4,u2r,0.42201835,70,311029
kddcup99_v2,rate,44,0,normal,0.83859407,60593,311029
kddcup99_v2,rate,44,1,dos,0.98552002,229855,311029
kddcup99_v2,rate,44,2,probe,0.73490054,4166,311029
kddcup99_v2,rate,44,3,r2l,0.10842340,16345,311029
kddcup99_v2,rate,44,4,u2r,0.27083333,70,311029
kddcup99_v2,rate,45,0,normal,0.83774513,60593,311029
kddcup99_v2,rate,45,1,dos,0.98562245,229855,311029
kddcup99_v2,rate,45,2,probe,0.76893668,4166,311029
kddcup99_v2,rate,45,3,r2l,0.07776121,16345,311029
kddcup99_v2,rate,45,4,u2r,0.07692308,70,311029
kddcup99_v2,rate,46,0,normal,0.84324705,60593,311029
kddcup99_v2,rate,46,1,dos,0.98488542,229855,311029
kddcup99_v2,rate,46,2,probe,0.79719745,4166,311029
kddcup99_v2,rate,46,3,r2l,0.09854140,16345,311029
kddcup99_v2,rate,46,4,u2r,0.43396226,70,311029
nslkdd_v2,delta,42,0,normal,0.78337762,9711,22544
nslkdd_v2,delta,42,1,dos,0.82002525,7460,22544
nslkdd_v2,delta,42,2,probe,0.69741950,2421,22544
nslkdd_v2,delta,42,3,r2l,0.10652809,2885,22544
nslkdd_v2,delta,42,4,u2r,0.22784810,67,22544
nslkdd_v2,delta,43,0,normal,0.80606708,9711,22544
nslkdd_v2,delta,43,1,dos,0.87192153,7460,22544
nslkdd_v2,delta,43,2,probe,0.70074308,2421,22544
nslkdd_v2,delta,43,3,r2l,0.07064312,2885,22544
nslkdd_v2,delta,43,4,u2r,0.05714286,67,22544
nslkdd_v2,delta,44,0,normal,0.79839153,9711,22544
nslkdd_v2,delta,44,1,dos,0.85573349,7460,22544
nslkdd_v2,delta,44,2,probe,0.71669360,2421,22544
nslkdd_v2,delta,44,3,r2l,0.10904342,2885,22544
nslkdd_v2,delta,44,4,u2r,0.22222222,67,22544
nslkdd_v2,delta,45,0,normal,0.80381634,9711,22544
nslkdd_v2,delta,45,1,dos,0.85376103,7460,22544
nslkdd_v2,delta,45,2,probe,0.67927204,2421,22544
nslkdd_v2,delta,45,3,r2l,0.08118812,2885,22544
nslkdd_v2,delta,45,4,u2r,0.11267606,67,22544
nslkdd_v2,delta,46,0,normal,0.79710819,9711,22544
nslkdd_v2,delta,46,1,dos,0.85532341,7460,22544
nslkdd_v2,delta,46,2,probe,0.64481883,2421,22544
nslkdd_v2,delta,46,3,r2l,0.09852217,2885,22544
nslkdd_v2,delta,46,4,u2r,0.22222222,67,22544
nslkdd_v2,latency,42,0,normal,0.76555471,9711,22544
nslkdd_v2,latency,42,1,dos,0.85936343,7460,22544
nslkdd_v2,latency,42,2,probe,0.67078628,2421,22544
nslkdd_v2,latency,42,3,r2l,0.18997525,2885,22544
nslkdd_v2,latency,42,4,u2r,0.32967033,67,22544
nslkdd_v2,latency,43,0,normal,0.79660567,9711,22544
nslkdd_v2,latency,43,1,dos,0.90002129,7460,22544
nslkdd_v2,latency,43,2,probe,0.70904351,2421,22544
nslkdd_v2,latency,43,3,r2l,0.24326778,2885,22544
nslkdd_v2,latency,43,4,u2r,0.20779221,67,22544
nslkdd_v2,latency,44,0,normal,0.81300388,9711,22544
nslkdd_v2,latency,44,1,dos,0.89324068,7460,22544
nslkdd_v2,latency,44,2,probe,0.71435185,2421,22544
nslkdd_v2,latency,44,3,r2l,0.33495842,2885,22544
nslkdd_v2,latency,44,4,u2r,0.29885057,67,22544
nslkdd_v2,latency,45,0,normal,0.78394741,9711,22544
nslkdd_v2,latency,45,1,dos,0.87926509,7460,22544
nslkdd_v2,latency,45,2,probe,0.65272887,2421,22544
nslkdd_v2,latency,45,3,r2l,0.34775420,2885,22544
nslkdd_v2,latency,45,4,u2r,0.13333333,67,22544
nslkdd_v2,latency,46,0,normal,0.78442330,9711,22544
nslkdd_v2,latency,46,1,dos,0.87807005,7460,22544
nslkdd_v2,latency,46,2,probe,0.69681066,2421,22544
nslkdd_v2,latency,46,3,r2l,0.26071429,2885,22544
nslkdd_v2,latency,46,4,u2r,0.47169811,67,22544
nslkdd_v2,rate,42,0,normal,0.79993219,9711,22544
nslkdd_v2,rate,42,1,dos,0.88280458,7460,22544
nslkdd_v2,rate,42,2,probe,0.72025103,2421,22544
nslkdd_v2,rate,42,3,r2l,0.18847262,2885,22544
nslkdd_v2,rate,42,4,u2r,0.11111111,67,22544
nslkdd_v2,rate,43,0,normal,0.78885128,9711,22544
nslkdd_v2,rate,43,1,dos,0.90840989,7460,22544
nslkdd_v2,rate,43,2,probe,0.71028420,2421,22544
nslkdd_v2,rate,43,3,r2l,0.19156851,2885,22544
nslkdd_v2,rate,43,4,u2r,0.16216216,67,22544
nslkdd_v2,rate,44,0,normal,0.78388839,9711,22544
nslkdd_v2,rate,44,1,dos,0.86809683,7460,22544
nslkdd_v2,rate,44,2,probe,0.67604994,2421,22544
nslkdd_v2,rate,44,3,r2l,0.16306663,2885,22544
nslkdd_v2,rate,44,4,u2r,0.39080460,67,22544
nslkdd_v2,rate,45,0,normal,0.78658383,9711,22544
nslkdd_v2,rate,45,1,dos,0.86772410,7460,22544
nslkdd_v2,rate,45,2,probe,0.69214027,2421,22544
nslkdd_v2,rate,45,3,r2l,0.15662651,2885,22544
nslkdd_v2,rate,45,4,u2r,0.00000000,67,22544
nslkdd_v2,rate,46,0,normal,0.77922078,9711,22544
nslkdd_v2,rate,46,1,dos,0.89121368,7460,22544
nslkdd_v2,rate,46,2,probe,0.65579550,2421,22544
nslkdd_v2,rate,46,3,r2l,0.11570762,2885,22544
nslkdd_v2,rate,46,4,u2r,0.38636364,67,22544
