protocol,encoding,macro_all,sd_all,macro_ws,sd_ws
nslkdd_v2,latency,0.58460925,0.02785345,0.65869433,0.02439004
nslkdd_v2,rate,0.54708520,0.02929455,0.63133442,0.01697353
nslkdd_v2,delta,0.51970036,0.01597256,0.60751987,0.00855971
kddcup99_v2,latency,0.63093757,0.01192605,0.67875756,0.00928468
kddcup99_v2,rate,0.60887903,0.04003404,0.67748851,0.01097497
kddcup99_v2,delta,0.60829107,0.03649288,0.65721878,0.00943063
cicids2017_v2,latency,0.78423180,0.00297494,0.98689654,0.00236225
cicids2017_v2,rate,0.72769628,0.01531541,0.96352456,0.00415121
cicids2017_v2,delta,0.49807277,0.00869932,0.83012128,0.01449887
ctu13_v2_f0,latency,0.99854030,0.00132633,0.99854030,0.00132633
ctu13_v2_f0,rate,0.98758481,0.00177652,0.98758481,0.00177652
ctu13_v2_f0,delta,0.59381098,0.00477667,0.59381098,0.00477667
ctu13_v2_f1,latency,0.77021965,0.00406370,0.77021965,0.00406370
ctu13_v2_f1,rate,0.77504855,0.00499272,0.77504855,0.00499272
ctu13_v2_f1,delta,0.88253385,0.00668800,0.88253385,0.00668800
