protocol,neuron,encoding,regime,n,DR_mean,DR_sd,class_acc_mean
nslkdd_v2,Alpha,delta,known,9083,0.7499064185841682,0.005609269415605525,0.7336122426511065
nslkdd_v2,Alpha,delta,unseen,3750,0.30128,0.011071324321065773,0.17461333333333334
nslkdd_v2,Alpha,latency,known,9083,0.7156886491247385,0.00572159216784301,0.7142133656280965
nslkdd_v2,Alpha,latency,unseen,3750,0.29322666666666664,0.017117216803882312,0.23024
nslkdd_v2,Alpha,rate,known,9083,0.7502146867774965,0.004828173977290576,0.7484751734008588
nslkdd_v2,Alpha,rate,unseen,3750,0.2812266666666667,0.007796523441751304,0.20032
nslkdd_v2,Lapicque,delta,known,9083,0.759660904987339,0.004593119023451051,0.7473081580975449
nslkdd_v2,Lapicque,delta,unseen,3750,0.3274666666666667,0.00833306666239989,0.20693333333333333
nslkdd_v2,Lapicque,latency,known,9083,0.7428602884509523,0.004192756194932853,0.741296928327645
nslkdd_v2,Lapicque,latency,unseen,3750,0.26394666666666666,0.018558160828415455,0.21989333333333336
nslkdd_v2,Lapicque,rate,known,9083,0.7623912804139602,0.006210124397467271,0.7603875371573269
nslkdd_v2,Lapicque,rate,unseen,3750,0.27616,0.018529591948496273,0.19797333333333333
nslkdd_v2,Leaky,delta,known,9083,0.7680502036771992,0.0029983672480236733,0.746735660024221
nslkdd_v2,Leaky,delta,unseen,3750,0.32704,0.027966710369453335,0.18874666666666667
nslkdd_v2,Leaky,latency,known,9083,0.7767257514037212,0.020061463800783975,0.7754486403170759
nslkdd_v2,Leaky,latency,unseen,3750,0.29317333333333334,0.02740484953028894,0.22421333333333332
nslkdd_v2,Leaky,rate,known,9083,0.7798084333370031,0.01241253668837514,0.7778707475503689
nslkdd_v2,Leaky,rate,unseen,3750,0.3845866666666667,0.036594304353425144,0.2654933333333333
nslkdd_v2,LeakyParallel,delta,known,9083,0.7649014642739183,0.004919076642335949,0.7414730815809755
nslkdd_v2,LeakyParallel,delta,unseen,3750,0.36773333333333336,0.0758859963658938,0.22896
nslkdd_v2,LeakyParallel,latency,known,9083,0.8022679731366289,0.014312451833094743,0.796476934933392
nslkdd_v2,LeakyParallel,latency,unseen,3750,0.3481066666666667,0.0710759468612429,0.26304
nslkdd_v2,LeakyParallel,rate,known,9083,0.7720136518771331,0.004633450071584324,0.7694594297038424
nslkdd_v2,LeakyParallel,rate,unseen,3750,0.36672000000000005,0.059860103574918756,0.25936
nslkdd_v2,RLeaky,delta,known,9083,0.7624573378839591,0.020136937118923056,0.7337443575911042
nslkdd_v2,RLeaky,delta,unseen,3750,0.3125866666666667,0.06157586828909159,0.16805333333333333
nslkdd_v2,RLeaky,latency,known,9083,0.7208631509413189,0.04330863621032318,0.7045909941649235
nslkdd_v2,RLeaky,latency,unseen,3750,0.28688,0.05129588244250755,0.2211733333333333
nslkdd_v2,RLeaky,rate,known,9083,0.7639986788506,0.009051855432648113,0.760915996917318
nslkdd_v2,RLeaky,rate,unseen,3750,0.30058666666666667,0.04899538300243764,0.21983999999999998
nslkdd_v2,RSynaptic,delta,known,9083,0.774061433447099,0.011293112205949246,0.7386105912143565
nslkdd_v2,RSynaptic,delta,unseen,3750,0.4325333333333333,0.14515340544097172,0.26656
nslkdd_v2,RSynaptic,latency,known,9083,0.7516459319608059,0.008354014064808617,0.7363866563910603
nslkdd_v2,RSynaptic,latency,unseen,3750,0.38378666666666666,0.06555863194288167,0.2912
nslkdd_v2,RSynaptic,rate,known,9083,0.7652537707805791,0.006976720361973122,0.7606297478806562
nslkdd_v2,RSynaptic,rate,unseen,3750,0.3575466666666667,0.06465041720240053,0.28213333333333335
nslkdd_v2,SConv2dLSTM,delta,known,9083,0.7679841462072002,0.007788683375777749,0.7494880546075084
nslkdd_v2,SConv2dLSTM,delta,unseen,3750,0.3634133333333333,0.02978226168562608,0.21408
nslkdd_v2,SConv2dLSTM,latency,known,9083,0.7687107783771882,0.012519347772445236,0.7658703071672355
nslkdd_v2,SConv2dLSTM,latency,unseen,3750,0.28271999999999997,0.08499043606325492,0.21946666666666664
nslkdd_v2,SConv2dLSTM,rate,known,9083,0.7572167785973798,0.014440479560196357,0.7540019817240999
nslkdd_v2,SConv2dLSTM,rate,unseen,3750,0.30426666666666663,0.04956916604323924,0.23098666666666667
nslkdd_v2,SLSTM,delta,known,9083,0.7686887592205218,0.00281444963804127,0.7523725641307938
nslkdd_v2,SLSTM,delta,unseen,3750,0.36490666666666666,0.0650159911953291,0.22453333333333333
nslkdd_v2,SLSTM,latency,known,9083,0.7678079929538699,0.019478087989369744,0.7595948475173401
nslkdd_v2,SLSTM,latency,unseen,3750,0.2554133333333334,0.0642308060391931,0.19898666666666667
nslkdd_v2,SLSTM,rate,known,9083,0.7687548166905207,0.005974966222806242,0.764505119453925
nslkdd_v2,SLSTM,rate,unseen,3750,0.34608,0.03874172026238496,0.27648
nslkdd_v2,Synaptic,delta,known,9083,0.7687988550038534,0.006018625431507902,0.7448640317075856
nslkdd_v2,Synaptic,delta,unseen,3750,0.344,0.08830472492706402,0.19818666666666668
nslkdd_v2,Synaptic,latency,known,9083,0.7787735329736871,0.009307685311486947,0.7730265330837829
nslkdd_v2,Synaptic,latency,unseen,3750,0.34757333333333335,0.06461664044363667,0.2803733333333333
nslkdd_v2,Synaptic,rate,known,9083,0.7578773532973686,0.015492123760256535,0.7549047671474183
nslkdd_v2,Synaptic,rate,unseen,3750,0.33968,0.06383044205810683,0.26741333333333334
